Record_ID,Auction_ID,Bidder_ID,Bidder_Tendency,Bidding_Ratio,Successive_Outbidding,Last_Bidding,Auction_Bids,Starting_Price_Average,Early_Bidding,Winning_Ratio,Auction_Duration,Class
1,732,_***i,0.2,0.4,0,0.0000277778,0,0.993592814,0.0000277778,0.666666667,5,0
2,732,g***r,0.024390244,0.2,0,0.0131226852,0,0.993592814,0.0131226852,0.944444444,5,0
3,732,t***p,0.142857143,0.2,0,0.0030416667,0,0.993592814,0.0030416667,1,5,0
4,732,7***n,0.1,0.2,0,0.0974768519,0,0.993592814,0.0974768519,1,5,0
5,900,z***z,0.051282051,0.222222222,0,0.0013177910,0,0,0.0012417328,0.5,7,0
8,900,i***e,0.038461538,0.111111111,0,0.0168435847,0,0,0.0168435847,0.8,7,0
10,900,m***p,0.4,0.222222222,0,0.0067807540,0,0,0.0067741402,0.75,7,0
12,900,k***a,0.137931034,0.444444444,1,0.7680439815,0,0,0.0163111772,1,7,1
13,2370,g***r,0.12195122,0.185185185,1,0.0350214947,0.333333333,0.993528095,0.0239632937,0.944444444,7,1
27,600,e***t,0.155172414,0.346153846,0.5,0.5709937169,0.307692308,0.993592814,0.4137880291,0.611111111,7,1
37,2172,o***u,0.6,0.5625,1,0.4576306217,0,0,0.4574735450,0.6,7,1
38,1370,7***3,0.5,0.105263158,0,0.0286921296,0.052631579,0,0.0286541005,0.666666667,7,0
39,1370,i***r,0.017241379,0.052631579,0,0.0576554233,0.052631579,0,0.0576554233,0,7,0
40,2236,i***i,0.041322314,0.208333333,1,0.2860449735,0.25,0,0.2860251323,0.818181818,7,1
43,2236,_***r,0.142857143,0.041666667,0,0.3873478836,0.25,0,0.3873478836,0,7,0
44,2236,e***e,0.007246377,0.041666667,0,0.5474272487,0.25,0,0.5474272487,0,7,0
45,2236,a***n,0.01,0.041666667,0,0.5892857143,0.25,0,0.5892857143,0,7,0
46,2236,t***s,0.025641026,0.041666667,0,0.9126388889,0.25,0,0.9126388889,0,7,0
53,2370,i***m,0.172413793,0.185185185,1,0.1337830688,0.333333333,0.993528095,0.0487483466,0.933333333,7,1
54,2370,s***i,0.010309278,0.037037037,0,0.1309953704,0.333333333,0.993528095,0.1309953704,0,7,0
59,181,p***b,0.25,0.111111111,0,0.9946412037,0,0,0.6468518519,1,1,0
65,181,i***0,0.023255814,0.055555556,0,0.9179513889,0,0,0.9179513889,0,1,0
67,432,g***s,0.041666667,0.142857143,0,0.1076074735,0,0,0.1076074735,0.842105263,7,0
68,432,0***0,0.111111111,0.714285714,0.5,0.0555009921,0,0,0.0537632275,0.818181818,7,1
71,1370,o***-,0.25,0.052631579,0,0.3339236111,0.052631579,0,0.3339236111,0,7,0
72,1370,0***e,0.052631579,0.157894737,0,0.4609656085,0.052631579,0,0.3197503307,0.793103448,7,0
73,1968,9***r,1,0.6,0.5,0.0002013889,0,0,0.0000486111,0,5,0
85,522,u***0,0.142857143,0.041666667,0,0.0003163580,0.25,0.993592814,0.0003163580,0,3,0
88,522,r***a,0.017391304,0.083333333,0,0.6623070988,0.25,0.993592814,0.0002121914,0,3,0
90,1847,9***m,1,0.090909091,0.5,0.9300264550,0.454545455,0,0.9299900794,0,7,0
93,1847,t***o,0.045454545,0.03030303,0,0.9741534392,0.454545455,0,0.9741534392,0,7,0
103,522,0***e,0.070175439,0.166666667,0,0.3479205247,0.25,0.993592814,0.3478819444,0.793103448,3,0
107,522,a***_,0.066666667,0.041666667,0,0.7657638889,0.25,0.993592814,0.7657638889,0,3,0
108,522,n***u,0.222222222,0.083333333,0,0.8841319444,0.25,0.993592814,0.7656520062,0,3,0
109,522,r***0,0.052631579,0.041666667,0,0.8275617284,0.25,0.993592814,0.8275617284,0,3,0
111,547,t***c,0.043478261,0.166666667,0,0.0564136905,0,0,0.0564136905,0.8,7,0
113,143,h***m,0.157894737,0.375,0,0.5231620370,0,0,0.0003055556,0.727272727,5,0
114,547,w***n,0.571428571,0.666666667,0.5,0.0019758598,0,0,0.0019758598,1,7,1
116,143,c***r,0.052631579,0.125,0,0.0245416667,0,0,0.0245416667,1,5,0
117,2419,o***o,0.009803922,0.023809524,0,0.9911954365,0.571428571,0.993528095,0.9911954365,0,7,0
129,2076,r***b,0.210526316,0.235294118,0,0.0000380291,0,0,0.0000082672,0.833333333,7,0
130,2165,e***z,0.481481481,0.26,1,0.9308472222,0.64,0.993592814,0.9271805556,0.666666667,5,1
132,461,i***4,0.103448276,0.136363636,0,0.6902066799,0.181818182,0.993592814,0.6902017196,0.8,7,0
133,461,r***n,0.058823529,0.045454545,0,0.1587632275,0.181818182,0.993592814,0.1587632275,0,7,0
134,461,c***i,0.022727273,0.045454545,0,0.5773578042,0.181818182,0.993592814,0.5773578042,0,7,0
135,2076,n***n,0.025974026,0.117647059,0,0.0000115741,0,0,0.0000033069,0.833333333,7,0
137,2076,n***s,0.043478261,0.058823529,0,0.0073627646,0,0,0.0073627646,0,7,0
138,368,3***3,0.071428571,0.025,0,0.8511111111,0.55,0.993592814,0.8511111111,0,5,0
141,1165,h***h,0.020833333,0.017241379,0,0.3179629630,0.689655172,0.993592814,0.3179629630,0,1,0
142,1165,n***n,0.025974026,0.034482759,0,0.3190509259,0.689655172,0.993592814,0.3167245370,0,1,0
143,1165,s***n,0.011764706,0.017241379,0,0.4226967593,0.689655172,0.993592814,0.4226967593,0,1,0
144,1165,0***h,0.034482759,0.017241379,0,0.4928935185,0.689655172,0.993592814,0.4928935185,0,1,0
149,368,r***s,0.142857143,0.1,0.5,0.8670555556,0.55,0.993592814,0.8669421296,0.9,5,1
151,979,s***c,0.111111111,0.2,0,0.0020039683,0,0,0.0019907407,0.777777778,7,0
153,979,s***-,0.2,0.3,0,0.6198578042,0,0,0.2447734788,0.7,7,0
154,368,a***9,0.083333333,0.05,0,0.8999444444,0.55,0.993592814,0.8999074074,0,5,0
155,979,e***e,0.014492754,0.2,0,0.1697089947,0,0,0.1427926587,0.865671642,7,0
159,368,c***o,0.181818182,0.05,0,0.9149791667,0.55,0.993592814,0.9149675926,0,5,0
160,979,d***u,0.105263158,0.2,0,0.2637218915,0,0,0.2637152778,0.909090909,7,0
161,979,c***9,0.125,0.1,0,0.4266154101,0,0,0.4266154101,1,7,0
165,1269,a***g,0.4,0.076923077,0,0.9498819444,0.307692308,0,0.9498657407,0,5,0
166,1269,_***i,0.1,0.038461538,0,0.9566273148,0.307692308,0,0.9566273148,0,5,0
169,2086,w***s,0.142857143,0.03030303,0,0.0000049603,0.454545455,0.993592814,0.0000049603,0,7,0
170,2086,s***s,0.010204082,0.03030303,0,0.0271494709,0.454545455,0.993592814,0.0271494709,0,7,0
171,2086,i***b,0.5,0.151515152,0,0.7275214947,0.454545455,0.993592814,0.7130357143,0.75,7,0
176,550,1***i,0.04,0.2,0,0.0003125000,0,0,0.0003125000,1,3,0
177,818,n***t,0.010416667,0.076923077,0,0.9649537037,0,0.993592814,0.9649537037,0,3,0
180,1001,b***b,0.012987013,0.058823529,0,0.9903472222,0,0,0.9903472222,0,1,0
191,352,y***s,0.027027027,0.058823529,0,0.9141358025,0,0.993592814,0.9141358025,0,3,0
192,352,9***3,0,0.058823529,0,0.0017129630,0,0.993592814,0.0017129630,0,3,0
193,995,r***r,0.07826087,0.219512195,0,0.9728202160,0.56097561,0.993592814,0.7791512346,0.87755102,3,0
194,995,p***u,0.75,0.073170732,0.5,0.9416203704,0.56097561,0.993592814,0.9413966049,0,3,1
197,352,m***r,0.025,0.058823529,0,0.0029205247,0,0.993592814,0.0029205247,0,3,0
198,438,0***i,0.060606061,0.4,0,0.0000710979,0,0,0.0000165344,0.736842105,7,0
201,438,y***s,0.054054054,0.4,0,0.0190261243,0,0,0.0190211640,0.857142857,7,0
202,870,a***k,0.026666667,0.043478261,0,0.7953125000,0.608695652,0.99935281,0.7952893519,0,1,0
203,352,-***w,1,0.235294118,0,0.9455208333,0,0.993592814,0.9454359568,1,3,0
207,738,a***6,0.015151515,0.033333333,0,0.0000162037,0.4,0,0.0000162037,0,5,0
208,738,e***o,0.028571429,0.033333333,0,0.0000069444,0.4,0,0.0000069444,0,5,0
209,738,k***2,0.333333333,0.033333333,0,0.0000092593,0.4,0,0.0000092593,0,5,0
211,738,y***g,0.166666667,0.033333333,0,0.0117523148,0.4,0,0.0117523148,0,5,0
212,1349,r***r,0.008695652,0.032258065,0,0.0000115741,0.419354839,0.993592814,0.0000115741,0,5,0
214,1349,a***a,0.012084592,0.129032258,0,0.0543472222,0.419354839,0.993592814,0.0359606481,0.848214286,5,0
217,1349,e***l,0.056603774,0.096774194,0,0.0921990741,0.419354839,0.993592814,0.0015972222,0,5,0
221,1045,c***2,0.033333333,0.142857143,0,0.8923875661,0,0,0.8923875661,1,7,0
223,870,d***a,0.08,0.086956522,0,0.9608564815,0.608695652,0.99935281,0.8448495370,0,1,0
224,870,c***m,0.75,0.065217391,0,0.8750462963,0.608695652,0.99935281,0.8750462963,0,1,0
242,1892,u***r,0.014084507,0.066666667,0,0.3329591049,0,0,0.3329591049,0,3,0
245,1349,r***1,0.090909091,0.032258065,0,0.1711342593,0.419354839,0.993592814,0.1711342593,0,5,0
246,1349,r***i,0.266666667,0.129032258,0,0.5562986111,0.419354839,0.993592814,0.4275000000,1,5,0
247,1349,d***a,0.18,0.290322581,0,0.7007175926,0.419354839,0.993592814,0.6971712963,1,5,0
251,838,n***_,0.090909091,0.029411765,0,0.0000132275,0.470588235,0.999935281,0.0000132275,0,7,0
252,838,t***r,0.05,0.029411765,0,0.0200082672,0.470588235,0.999935281,0.0200082672,0,7,0
255,1943,a***k,0.04,0.09375,0,0.8516319444,0.4375,0.993592814,0.8516319444,0,3,0
256,1943,u***m,0.025641026,0.03125,0,0.9666087963,0.4375,0.993592814,0.9666087963,0,3,0
257,1661,r***g,0.034482759,0.142857143,0,0.6989814815,0,0,0.6989814815,0.823529412,7,0
258,1943,1***v,0,0.03125,0,0.9811381173,0.4375,0.993592814,0.9811381173,0,3,0
264,807,e***o,0.028571429,0.04,0,0.1423996914,0.28,0,0.1423996914,0,3,0
265,807,f***f,0.466666667,0.28,0,0.2899498457,0.28,0,0.2899498457,0.833333333,3,0
266,807,.***.,0.454545455,0.2,1,0.7829166667,0.28,0,0.7828587963,1,3,1
267,807,n***s,0.043478261,0.04,0,0.9057831790,0.28,0,0.9057831790,0,3,0
272,807,n***t,0.010416667,0.04,0,0.9129668210,0.28,0,0.9129668210,0,3,0
273,2079,i***o,0.03030303,0.166666667,0,0.0000810185,0,0,0.0000810185,0.866666667,1,0
274,2079,o***l,0.028571429,0.166666667,0,0.0001273148,0,0,0.0001273148,0.761904762,1,0
275,2079,i***v,0.058823529,0.166666667,0,0.0095601852,0,0,0.0095601852,0.75,1,0
278,25,n***l,0.054054054,0.111111111,0,0.5091666667,0,0,0.0000033069,0.777777778,7,0
282,1644,a***k,0.026666667,0.048780488,0,0.0739550265,0.56097561,0.993528095,0.0739434524,0,7,0
284,1644,_***t,0.8,0.097560976,0,0.3413177910,0.56097561,0.993528095,0.1635036376,0,7,0
288,556,r***r,0.026086957,0.054545455,0,0.9901890432,0.672727273,0.99935281,0.9883371914,0,3,0
299,1392,t***m,0.25,0.1,0,0.9882192460,0,0,0.9882192460,1,7,0
300,1392,t***l,0.043478261,0.1,0,0.9974884259,0,0,0.9974884259,1,7,0
301,1392,4***b,0.5,0.1,0,0.9931365741,0,0,0.9931365741,1,7,0
302,1392,1***i,0.04,0.1,0,0.9957605820,0,0,0.9957605820,1,7,0
308,1577,x***i,0.2,0.025,0,0.8362268519,0.55,0.993592814,0.8362268519,0,1,0
313,1610,i***n,0.025,0.076923077,0,0.6415779321,0,0,0.6415779321,0,3,0
314,1610,s***l,0.085714286,0.230769231,0.5,0.6688001543,0,0,0.6687654321,1,3,0
316,1141,u***_,0.424242424,0.666666667,1,0.9069984568,0.142857143,0,0.7001311728,0.8,3,1
329,1392,0***e,0.052631579,0.3,0.5,0.8555539021,0,0,0.6805142196,0.793103448,7,1
337,166,i***e,0.038461538,0.166666667,0,0.0001273148,0,0,0.0001273148,0.8,1,0
338,166,l***s,0.037037037,0.166666667,0,0.0295601852,0,0,0.0295601852,1,1,0
339,166,r***p,0.2,0.166666667,0,0.2466087963,0,0,0.2466087963,0.5,1,0
340,166,0***i,0.03030303,0.166666667,0,0.3411805556,0,0,0.3411805556,0.736842105,1,0
342,651,o***t,0.030769231,0.2,0,0.0001350309,0,0,0.0000925926,0.782608696,3,0
343,651,c***b,0.4,0.2,0,0.0007716049,0,0,0.0007716049,1,3,0
346,651,a***a,0.003021148,0.1,0,0.4754166667,0,0,0.4754166667,0.848214286,3,0
349,1370,t***n,0.009259259,0.052631579,0,0.5344907407,0.052631579,0,0.5344907407,0,7,0
350,600,a***o,0.067226891,0.307692308,0,0.4351835317,0.307692308,0.993592814,0.4244543651,0.757575758,7,0
354,600,r***h,0.008196721,0.038461538,0,0.5599074074,0.307692308,0.993592814,0.5599074074,0,7,0
355,600,u***-,1,0.115384615,0,0.6088078704,0.307692308,0.993592814,0.5544130291,1,7,0
356,600,h***c,0.055555556,0.038461538,0,0.6584507275,0.307692308,0.993592814,0.6584507275,0,7,0
358,600,a***j,0.076923077,0.038461538,0,0.6154861111,0.307692308,0.993592814,0.6154861111,0,7,0
359,600,o***s,0.04,0.038461538,0,0.6360085979,0.307692308,0.993592814,0.6360085979,0,7,0
362,181,o***o,0.009803922,0.055555556,0,0.9968055556,0,0,0.9968055556,0,1,0
363,1083,y***b,0.034482759,0.083333333,0,0.0003356481,0,0,0.0003356481,0,1,0
364,1083,u***4,0.25,0.083333333,0,0.0004629630,0,0,0.0004629630,0,1,0
368,2370,a***r,0.014925373,0.037037037,0,0.1376339286,0.333333333,0.993528095,0.1376339286,0,7,0
370,2370,n***o,0.073170732,0.111111111,0,0.2644775132,0.333333333,0.993528095,0.2644692460,1,7,0
371,2370,a***y,0.043478261,0.037037037,0,0.9052579365,0.333333333,0.993528095,0.9052579365,0,7,0
373,2370,s***h,0.1,0.037037037,0,0.3113690476,0.333333333,0.993528095,0.3113690476,0,7,0
374,432,5***_,0.125,0.142857143,0,0.4906018519,0,0,0.4906018519,0.5,7,0
378,783,l***s,0.222222222,0.214285714,0,0.9648611111,0.357142857,0.993528095,0.9648032407,1,1,0
379,783,h***a,0.045454545,0.035714286,0,0.9787268519,0.357142857,0.993528095,0.9787268519,0,1,0
381,1370,6***h,0,0.052631579,0,0.9835466270,0.052631579,0,0.9835466270,0,7,0
382,1185,i***o,0.151515152,0.3125,0,0.8776669974,0,0,0.7789781746,0.866666667,7,0
383,1185,o***h,0.176470588,0.1875,0.5,0.2989533730,0,0,0.2989318783,1,7,1
386,1185,h***u,0.235294118,0.25,1,0.3756398810,0,0,0.3756117725,1,7,1
389,715,l***4,0.111111111,0.090909091,0,0.0000049603,0,0,0.0000049603,0,7,0
390,715,9***9,0.022222222,0.090909091,0,0.0000016534,0,0,0.0000016534,0,7,0
392,1185,r***0,0.052631579,0.0625,0,0.3875661376,0,0,0.3875661376,0,7,0
399,2370,7***.,1,0.222222222,1,0.7622437169,0.333333333,0.993528095,0.7622156085,1,7,1
400,1370,e***e,0.036231884,0.263157895,1,0.8051207011,0.052631579,0,0.8051157407,0.865671642,7,1
402,1083,h***h,0.020833333,0.083333333,0,0.1023379630,0,0,0.1023379630,0,1,0
403,1083,y***e,0.041666667,0.166666667,0,0.0453935185,0,0,0.0452777778,1,1,0
406,1264,q***0,0.125,0.166666667,0,0.0001620370,0,0,0.0001620370,0.5,1,0
407,1264,a***a,0.003021148,0.166666667,0,0.0006365741,0,0,0.0006365741,0.848214286,1,0
408,1264,k***w,1,0.333333333,0,0.0489120370,0,0,0.0457870370,1,1,0
410,1264,s***o,0.038461538,0.166666667,0,0.1452083333,0,0,0.1452083333,0.769230769,1,0
411,1264,k***k,0.028571429,0.166666667,0,0.3623032407,0,0,0.3623032407,0.888888889,1,0
412,2534,r***o,0.069767442,0.272727273,0,0.1062083333,0,0,0.0257361111,0.866666667,5,0
413,2534,c***a,0.035714286,0.090909091,0,0.0589189815,0,0,0.0589189815,0,5,0
420,496,v***t,0.130434783,0.065217391,0,0.9825777116,0.608695652,0.999935281,0.9794279101,0,7,0
422,1541,a***a,0.003021148,0.0625,0,0.0000046296,0,0,0.0000046296,0,5,0
427,2273,m***c,0.2,0.02173913,0,0.0001388889,0.608695652,0.993592814,0.0001388889,0,1,0
428,2273,0***c,0.5,0.043478261,0,0.0407060185,0.608695652,0.993592814,0.0000462963,0,1,0
429,2273,b***n,0.2,0.02173913,0,0.0042361111,0.608695652,0.993592814,0.0042361111,0,1,0
430,2273,n***d,0.025,0.02173913,0,0.0190625000,0.608695652,0.993592814,0.0190625000,0,1,0
432,1582,m***b,0.066666667,0.166666667,0,0.6080439815,0,0.993592814,0.6080439815,0.6,1,0
433,1582,n***0,0.105263158,0.333333333,0,0.4718518519,0,0.993592814,0.4718518519,0.75,1,0
442,2273,z***l,0.333333333,0.130434783,0.5,0.7387384259,0.608695652,0.993592814,0.7340509259,1,1,1
446,276,s***n,0.023529412,0.181818182,0,0.0221213624,0,0,0.0003356481,0.935483871,7,0
447,276,t***a,0.055555556,0.090909091,0,0.0000099206,0,0,0.0000099206,0,7,0
448,276,4***i,0.25,0.272727273,0,0.6924322090,0,0,0.0004150132,1,7,0
449,1273,r***o,0.023255814,0.1,0,0.0001851852,0,0,0.0001851852,0.866666667,1,0
450,1273,s***6,0.25,0.1,0,0.0000925926,0,0,0.0000925926,1,1,0
451,1273,i***i,0.008264463,0.1,0,0.0048726852,0,0,0.0048726852,0.818181818,1,0
452,871,n***l,0.135135135,0.161290323,0,0.9880671296,0.419354839,0.993592814,0.9640724206,0.777777778,7,0
454,871,k***n,0.1,0.032258065,0,0.9647371032,0.419354839,0.993592814,0.9647371032,0,7,0
455,276,0***w,0.5,0.181818182,0,0.0010317460,0,0,0.0010218254,1,7,0
457,276,a***a,0.003021148,0.090909091,0,0.0041931217,0,0,0.0041931217,0,7,0
459,2273,a***s,0.12987013,0.217391304,0.5,0.7796990741,0.608695652,0.993592814,0.7333912037,0.923076923,1,1
461,2273,n***t,0.010416667,0.02173913,0,0.9479861111,0.608695652,0.993592814,0.9479861111,0,1,0
462,2273,a***a,0.024169184,0.173913043,0.5,0.9861574074,0.608695652,0.993592814,0.4851157407,0.848214286,1,1
464,1012,p***3,0.454545455,0.357142857,1,0.4604411487,0,0,0.4066250864,1,3,1
466,1473,z***a,0.166666667,0.045454545,0,0.4458140432,0.181818182,0,0.4458140432,0,3,0
467,1473,e***8,0.1875,0.136363636,0.5,0.2873263889,0.181818182,0,0.2548919753,0.666666667,3,0
468,1473,u***r,0.014084507,0.045454545,0,0.5781520062,0.181818182,0,0.5781520062,0,3,0
469,1473,a***a,0.006042296,0.090909091,0,0.8602700617,0.181818182,0,0.8602700617,0,3,0
471,871,5***_,0.875,0.225806452,0.5,0.8781994048,0.419354839,0.993592814,0.8761772487,0.5,7,1
472,871,s***0,0.05,0.032258065,0,0.0144460979,0.419354839,0.993592814,0.0144460979,0,7,0
475,378,e***l,0.018867925,0.142857143,0,0.7608416005,0,0,0.7608416005,0.857142857,7,0
476,871,i***e,0.115384615,0.096774194,0,0.5554001323,0.419354839,0.993592814,0.5517245370,0,7,0
477,871,6***r,0.357142857,0.161290323,0.5,0.8585102513,0.419354839,0.993592814,0.8584540344,0.8,7,1
480,1012,u***b,0.142857143,0.071428571,0,0.4852086344,0,0,0.4852086345,0,3,0
481,1012,e***-,0.2,0.071428571,0,0.7038388425,0,0,0.7038388425,0,3,0
482,1012,x***_,1,0.214285714,0,0.7009874002,0,0,0.7009756174,1,3,0
483,1582,n***t,0.010416667,0.166666667,0,0.7830902778,0,0.993592814,0.7830902778,1,1,0
484,1582,s***o,0.076923077,0.333333333,0,0.9841435185,0,0.993592814,0.9839814815,0.769230769,1,0
486,1314,e***_,0.1,0.153846154,0,0.7309490741,0,0,0.7309490741,0.833333333,1,0
489,1548,8***i,0.076923077,0.1,0,0.0041666667,0,0,0.0041666667,0.833333333,5,0
490,1548,a***n,0.03,0.3,0,0.0017222222,0,0,0.0016967593,0.666666667,5,0
492,1273,a***n,0.04,0.4,0,0.1406481481,0,0,0.1406481481,0.666666667,1,0
493,1273,t***b,0.2,0.1,0,0.0125810185,0,0,0.0125810185,1,1,0
495,1541,a***-,0.041666667,0.0625,0,0.0015115741,0,0,0.0015115741,0,5,0
496,1541,d***d,0.115384615,0.1875,0,0.0027847222,0,0,0.0004560185,0.916666667,5,0
498,1541,b***s,0.066666667,0.0625,0,0.1451342593,0,0,0.1451342593,0,5,0
499,1541,_***r,0.142857143,0.0625,0,0.0062731481,0,0,0.0062731481,0,5,0
500,1541,i***r,0.051724138,0.1875,0,0.7357500000,0,0,0.7357060185,1,5,0
501,1541,_***a,0.142857143,0.0625,0,0.0864375000,0,0,0.0864375000,0,5,0
502,1541,c***s,0.25,0.0625,0,0.2151319444,0,0,0.2151319444,0,5,0
503,1541,g***r,0.024390244,0.0625,0,0.5704884259,0,0,0.5704884259,0,5,0
507,572,6***e,0.1875,0.096774194,0,0.5977281746,0.419354839,0.993592814,0.0994708995,0,7,0
509,572,a***i,0.02247191,0.064516129,0,0.5778505291,0.419354839,0.993592814,0.5778439153,0,7,0
510,572,b***b,0.025974026,0.064516129,0,0.2720535714,0.419354839,0.993592814,0.2720056217,0,7,0
513,572,a***u,0.03125,0.032258065,0,0.3505803571,0.419354839,0.993592814,0.3505803571,0,7,0
515,572,e***p,0.066666667,0.032258065,0,0.5813988095,0.419354839,0.993592814,0.5813988095,0,7,0
519,2165,s***2,0.5,0.06,0,0.9542847222,0.64,0.993592814,0.9542407407,0,5,0
524,354,a***2,0.2,0.090909091,0,0.0021130952,0,0,0.0021130952,0,7,0
526,354,c***a,0.107142857,0.272727273,0,0.0057655423,0,0,0.0057242063,0.875,7,0
527,354,w***i,0.5,0.181818182,0,0.0085863095,0,0,0.0053802910,1,7,0
529,550,u***d,0.111111111,0.2,0,0.0027121914,0,0,0.0027121914,1,3,0
530,550,0***l,0.074074074,0.4,0,0.0800578704,0,0,0.0001658951,0.8,3,0
531,550,a***d,0.029411765,0.2,0,0.2100655864,0,0,0.2100655864,0.923076923,3,0
532,818,r***r,0.008695652,0.076923077,0,0.9790239198,0,0.993592814,0.9790239198,0,3,0
533,514,3***e,0.1,0.125,0,0.9959308862,0,0,0.9959308862,1,7,0
538,1135,a***g,0.2,0.076923077,0,0.2835615079,0,0,0.2835615079,0,7,0
539,1135,b***r,0.043478261,0.076923077,0,0.4873627646,0,0,0.4873627646,0,7,0
540,1135,a***s,0.012987013,0.076923077,0,0.5869163360,0,0,0.5869163360,0,7,0
541,1135,b***f,0.5,0.076923077,0,0.6904017857,0,0,0.6904017857,0,7,0
543,2020,l***r,0.043478261,0.111111111,0,0.7486574074,0,0,0.7486574074,0.882352941,1,0
544,2020,a***n,0.01,0.111111111,0,0.8747106481,0,0,0.8747106481,0.666666667,1,0
546,1367,c***h,0.04,0.125,0,0.2595490963,0,0,0.2595490963,0.9,1,0
547,1367,v***u,0.333333333,0.625,1,0.2980870753,0,0,0.2581516676,0.5,1,1
551,1367,j***1,0.111111111,0.125,0,0.3242345196,0,0,0.3242345196,0.666666667,1,0
559,1367,t***c,0.043478261,0.125,0,0.5078100739,0,0,0.5078100739,0.8,1,0
565,2122,l***o,0.0625,0.25,0,0.0072040344,0,0.993592814,0.0071941138,0.923076923,7,0
566,2122,-***-,0.357142857,0.625,1,0.0024950397,0,0.993592814,0.0017476852,0.8,7,1
567,2122,i***i,0.008264463,0.125,0,0.0053753307,0,0.993592814,0.0053753307,0.818181818,7,0
569,582,r***h,0.008196721,0.028571429,0,0.6899459877,0.485714286,0.993592814,0.6899459877,0,3,0
570,582,-***e,0.016949153,0.028571429,0,0.7070563272,0.485714286,0.993592814,0.7070563272,0,3,0
572,582,i***i,0.008264463,0.028571429,0,0.8703587963,0.485714286,0.993592814,0.8703587963,0,3,0
574,582,d***i,0.5,0.028571429,0,0.9658063272,0.485714286,0.993592814,0.9658063272,0,3,0
575,582,r***r,0.017391304,0.057142857,0,0.9564891975,0.485714286,0.993592814,0.9564660494,0,3,0
576,733,e***t,0.034482759,0.1,0,0.0002314815,0.1,0,0.0002314815,0.611111111,5,0
577,733,p***a,0.047619048,0.05,0,0.0002083333,0.1,0,0.0002083333,0,5,0
578,431,i***i,0.024793388,0.176470588,0,0.6069444444,0,0,0.0028472222,0.818181818,1,0
580,431,g***t,0.2,0.058823529,0,0.1563425926,0,0,0.1563425926,0,1,0
582,431,0***l,0.111111111,0.176470588,0,0.5370023148,0,0,0.3305324074,0.8,1,0
588,431,d***k,0.6,0.352941176,1,0.4034606481,0,0,0.3280787037,0.75,1,1
591,427,g***6,0,0.1,0,0.9593364198,0,0.993592814,0.9593364198,1,3,0
601,870,0***k,0.583333333,0.152173913,1,0.1960532407,0.608695652,0.99935281,0.1958101852,1,1,1
605,870,c***c,0.037037037,0.043478261,0,0.2638194444,0.608695652,0.99935281,0.2637615741,0,1,0
607,1349,e***o,0.028571429,0.032258065,0,0.5695763889,0.419354839,0.993592814,0.5695763889,0,5,0
609,1349,7***n,0.5,0.161290323,0.5,0.9093726852,0.419354839,0.993592814,0.9093472222,1,5,1
616,1644,l***i,0.1125,0.219512195,1,0.3148280423,0.56097561,0.993528095,0.3145221561,0.954545455,7,1
617,1694,_***i,0.2,0.166666667,0,0.2811226852,0,0,0.2811087963,0.666666667,5,0
618,1694,s***a,0.010869565,0.083333333,0,0.3522523148,0,0,0.3522523148,0,5,0
620,25,e***e,0.007246377,0.055555556,0,0.0000446429,0,0,0.0000446429,0,7,0
624,1694,a***7,0.25,0.416666667,1,0.5724351852,0,0,0.5723171296,0.666666667,5,1
625,1694,0***l,0.111111111,0.25,0.5,0.5073379630,0,0,0.5072916667,0.8,5,0
626,1694,b***j,0,0.083333333,0,0.6190740741,0,0,0.6190740741,0,5,0
629,1962,8***a,0.022727273,0.076923077,0,0.1151273148,0,0,0.1151273148,0,3,0
630,39,a***e,0.011627907,0.038461538,0,0.9835995370,0.307692308,0.993592814,0.9835995370,0,1,0
631,39,e***n,0.045454545,0.038461538,0,0.9901157407,0.307692308,0.993592814,0.9901157407,0,1,0
632,807,9***a,0.2,0.04,0,0.9376195988,0.28,0,0.9376195988,0,3,0
633,807,t***j,0.047619048,0.04,0,0.9930709877,0.28,0,0.9930709877,0,3,0
636,539,d***l,0.5,0.125,0,0.0010119048,0.25,0,0.0009689153,0.5,7,0
638,539,r***k,0.142857143,0.041666667,0,0.0099041005,0.25,0,0.0099041005,0,7,0
639,539,i***t,0.033333333,0.041666667,0,0.0276818783,0.25,0,0.0276818783,0,7,0
640,539,a***m,0.049382716,0.166666667,1,0.0573958333,0.25,0,0.0573164683,0.885714286,7,1
647,25,e***o,0.028571429,0.055555556,0,0.8066980820,0,0,0.8066980820,0,7,0
655,944,3***5,0.272727273,0.088235294,0,0.5394345238,0.470588235,0.993592814,0.5353422619,0,7,0
656,944,t***n,0.111111111,0.352941176,1,0.5406101190,0.470588235,0.993592814,0.5352612434,0.821428571,7,1
660,1943,h***o,0.076923077,0.03125,0,0.5065393519,0.4375,0.993592814,0.5065393519,0,3,0
661,1943,t***t,0.03030303,0.03125,0,0.2561612654,0.4375,0.993592814,0.2561612654,0,3,0
662,1943,w***i,0.25,0.03125,0,0.2904745370,0.4375,0.993592814,0.2904745370,0,3,0
663,2079,r***f,0.027027027,0.166666667,0,0.0001504630,0,0,0.0001504630,0.933333333,1,0
664,2079,h***m,0.052631579,0.166666667,0,0.1429166667,0,0,0.1429166667,0.727272727,1,0
665,2079,l***u,0.166666667,0.166666667,0,0.4338773148,0,0,0.4338773148,0.8,1,0
666,539,r***b,0.105263158,0.083333333,0,0.0578091931,0.25,0,0.0577959656,0,7,0
668,539,o***4,0,0.041666667,0,0.1035218254,0.25,0,0.1035218254,0,7,0
670,240,s***.,0.5,0.037037037,0,0.4391121032,0.333333333,0.961233291,0.4391121032,0,7,0
675,2381,c***a,0.035714286,0.2,0,0.0075694444,0,0.993592814,0.0075694444,0.875,1,0
676,2381,u***b,0.285714286,0.4,0,0.0003125000,0,0.993592814,0.0000347222,0.666666667,1,0
682,506,z***n,0.25,0.058823529,0,0.0077739198,0,0,0.0077739198,0,3,0
687,1342,s***i,0.010309278,0.041666667,0,0.1680856481,0.25,0.999935281,0.1680856481,0,10,0
688,1342,0***e,0.035087719,0.083333333,0,0.5447754630,0.25,0.999935281,0.5447500000,0,10,0
690,1342,m***m,0.010638298,0.041666667,0,0.6519664352,0.25,0.999935281,0.6519664352,0,10,0
691,1342,s***s,0.010204082,0.041666667,0,0.7584687500,0.25,0.999935281,0.7584687500,0,10,0
692,1342,h***a,0.045454545,0.041666667,0,0.7099409722,0.25,0.999935281,0.7099409722,0,10,0
693,1342,i***r,0.051724138,0.125,0,0.9377731481,0.25,0.999935281,0.8829270833,1,10,0
694,1342,s***y,0.090909091,0.041666667,0,0.7663587963,0.25,0.999935281,0.7663587963,0,10,0
696,1342,p***_,0.222222222,0.083333333,0,0.9379259259,0.25,0.999935281,0.9379259259,0,10,0
698,1628,m***t,0.181818182,0.105263158,0,0.0152546296,0.526315789,0.993592814,0.0116418651,1,7,0
700,1628,5***b,1,0.157894737,0,0.0138888889,0.526315789,0.993592814,0.0028257275,1,7,0
702,1628,v***i,0.2,0.026315789,0,0.0186838624,0.526315789,0.993592814,0.0186838624,0,7,0
704,1628,0***f,0,0.026315789,0,0.0881812169,0.526315789,0.993592814,0.0881812169,0,7,0
705,1628,b***m,0.25,0.026315789,0,0.1245238095,0.526315789,0.993592814,0.1245238095,0,7,0
706,1628,l***b,0.333333333,0.026315789,0,0.1375496032,0.526315789,0.993592814,0.1375496032,0,7,0
707,1628,l***o,0.15625,0.131578947,0.5,0.7158134921,0.526315789,0.993592814,0.4377612434,0.923076923,7,1
708,1628,x***o,0.5,0.078947368,0,0.7073974868,0.526315789,0.993592814,0.7073974868,0,7,0
710,1083,7***k,0.066666667,0.083333333,0,0.3870370370,0,0,0.3870370370,0,1,0
711,1083,k***2,0.333333333,0.083333333,0,0.6725462963,0,0,0.6725462963,0,1,0
712,1968,1***i,0.08,0.4,0,0.0108935185,0,0,0.0054861111,1,5,0
715,1185,b***r,0.043478261,0.0625,0,0.4627149471,0,0,0.4627149471,0,7,0
716,1185,c***l,0.043478261,0.0625,0,0.8756564153,0,0,0.8756564153,0,7,0
720,1185,0***u,0.083333333,0.0625,0,0.8759292328,0,0,0.8759292328,0,7,0
723,2387,0***i,0.03030303,0.020833333,0,0.8985466270,0.625,0.993592814,0.8985466270,0,7,0
724,2387,f***k,1,0.041666667,0,0.8976570767,0.625,0.993592814,0.8976471561,0,7,0
729,1370,o***l,0.028571429,0.052631579,0,0.8741848545,0.052631579,0,0.8741848545,0,7,0
730,332,e***t,0.017241379,0.071428571,0,0.0000049603,0,0,0.0000049603,0,7,0
733,332,p***p,0.03125,0.071428571,0,0.0149785053,0,0,0.0149785053,0,7,0
734,332,s***n,0.047058824,0.285714286,0.5,0.0054431217,0,0,0.0028141534,0.935483871,7,1
737,1083,n***n,0.012987013,0.083333333,0,0.7967708333,0,0,0.7967708333,0,1,0
738,1083,d***0,0.076923077,0.083333333,0,0.8589120370,0,0,0.8589120370,0,1,0
739,1083,p***p,0.03125,0.083333333,0,0.9026851852,0,0,0.9026851852,0,1,0
740,1083,l***a,0.016129032,0.083333333,0,0.9048842593,0,0,0.9048842593,0,1,0
741,1083,6***6,0.090909091,0.083333333,0,0.9050115741,0,0,0.9050115741,0,1,0
742,332,e***1,0.25,0.071428571,0,0.1143039021,0,0,0.1143039021,0,7,0
743,332,h***i,0.083333333,0.142857143,0,0.1403141534,0,0,0.0081332672,0.909090909,7,0
744,332,s***3,0.444444444,0.285714286,0.5,0.4201190476,0,0,0.1906944444,1,7,1
745,332,u***2,0.142857143,0.071428571,0,0.3979067460,0,0,0.3979067460,0,7,0
746,600,_***w,0.1,0.076923077,0,0.8772982804,0.307692308,0.993592814,0.6933597884,0,7,0
747,1668,n***n,0.012987013,0.166666667,0,0.2715185185,0,0,0.2715185185,0.833333333,5,0
748,1668,3***9,0.066666667,0.166666667,0,0.0000023148,0,0,0.0000023148,0.8,5,0
749,1668,r***r,0.008695652,0.166666667,0,0.5594421296,0,0,0.5594421296,0.87755102,5,0
753,1668,a***s,0.025974026,0.333333333,0,0.7472384259,0,0,0.5700717593,0.923076923,5,0
754,1668,m***t,0.045454545,0.166666667,0,0.6160324074,0,0,0.6160324074,1,5,0
756,2387,t***i,0.028571429,0.020833333,0,0.0000181878,0.625,0.993592814,0.0000181878,0,7,0
759,1316,i***l,0.022222222,0.125,0,0.0000611772,0,0,0.0000611772,0.727272727,7,0
760,1316,t***i,0.057142857,0.25,0,0.6185119048,0,0,0.6185119048,0.947368421,7,0
761,1316,a***c,0.045454545,0.125,0,0.3255257937,0,0,0.3255257937,0.928571429,7,0
762,1316,l***a,0.032258065,0.25,0,0.5500876323,0,0,0.5500810185,0.75,7,0
763,1316,l***r,0.043478261,0.125,0,0.8597966270,0,0,0.8597966270,0.882352941,7,0
766,2516,a***d,0.117647059,0.125,0,0.0012880291,0.4375,0.993592814,0.0006101190,0.923076923,7,0
768,2273,n***a,0.126984127,0.173913043,1,0.4968865741,0.608695652,0.993592814,0.4967361111,0.80952381,1,1
775,171,u***u,0.028571429,0.076923077,0,0.0005572090,0,0,0.0005572090,0,7,0
779,2273,z***o,0.25,0.065217391,0,0.9851967593,0.608695652,0.993592814,0.9851041667,0,1,0
782,2516,h***b,0.02173913,0.03125,0,0.0000033069,0.4375,0.993592814,0.0000033069,0,7,0
783,2516,u***u,0.028571429,0.03125,0,0.0000066138,0.4375,0.993592814,0.0000066138,0,7,0
785,1473,-***u,0.111111111,0.045454545,0,0.9336651235,0.181818182,0,0.9336651235,0,3,0
788,1316,a***k,0.013333333,0.125,0,0.9806613757,0,0,0.9806613757,0.891891892,7,0
795,603,r***a,0.026086957,0.375,0.5,0.0132523148,0,0,0.0010995370,0.926829268,1,1
800,1439,a***1,0.051282051,0.153846154,0,0.0023070988,0,0.993592814,0.0000347222,0.846153846,3,0
810,1323,e***e,0.007246377,0.1,0,0.6933652220,0,0,0.6933652220,0.865671642,7,0
812,2257,r***o,0.093023256,0.4,0,0.0109652778,0,0,0.0013333333,0.866666667,5,0
813,2257,p***z,1,0.2,0,0.0019629630,0,0,0.0007546296,0,5,0
818,2257,k***r,0.142857143,0.2,0,0.0075486111,0,0,0.0075393519,1,5,0
819,1355,j***a,0.518518519,0.777777778,1,0.9983283730,0.5,0.999935281,0.9983151455,1,7,1
832,1530,e***a,0.040816327,0.105263158,0,0.6824614198,0.052631579,0,0.6824266975,0.925925926,3,0
836,496,l***x,0.25,0.02173913,0,0.0000099206,0.608695652,0.999935281,0.0000099206,0,7,0
838,1323,z***z,0.205128205,0.8,1,0.4262302281,0,0,0.4262027800,0.5,7,1
841,733,y***r,0.2,0.05,0,0.0013703704,0.1,0,0.0013703704,0,5,0
842,733,a***p,0.25,0.05,0,0.0289722222,0.1,0,0.0289722222,0,5,0
843,733,n***n,0.025974026,0.1,0,0.0805069444,0.1,0,0.0804675926,0.833333333,5,0
844,733,1***4,0.028571429,0.05,0,0.1707407407,0.1,0,0.1707407407,0,5,0
846,733,1***2,0.235294118,0.2,1,0.1289907407,0.1,0,0.1030902778,0.818181818,5,1
848,1818,g***c,0,0.0625,0,0.0000154321,0,0,0.0000154321,0,3,0
849,1818,r***m,0.04,0.0625,0,0.0826273148,0,0,0.0826273148,0,3,0
850,1818,m***s,0.2,0.0625,0,0.0004976852,0,0,0.0004976852,0,3,0
851,1818,c***h,0.04,0.0625,0,0.1350424383,0,0,0.1350424383,0,3,0
853,631,n***c,0.047619048,0.142857143,0,0.0072500000,0,0,0.0072500000,0.888888889,5,0
855,631,h***m,0.157894737,0.428571429,0,0.0250393519,0,0,0.0250393519,0.727272727,5,0
857,916,a***k,0.013333333,0.021276596,0,0.3010135582,0.617021277,0.993592814,0.3010135582,0,7,0
859,916,c***2,0.466666667,0.29787234,1,0.5898296958,0.617021277,0.993592814,0.5351884921,1,7,1
866,65,6***c,0,0.0625,0,0.0000132275,0,0,0.0000132275,0,7,0
867,65,y***m,0.315789474,0.375,1,0.0000826720,0,0,0.0000264550,0.5,7,1
868,65,i***b,0.1,0.0625,0,0.0100066138,0,0,0.0100066138,0,7,0
870,631,a***a,0.003021148,0.142857143,0,0.1400949074,0,0,0.1400949074,0.848214286,5,0
871,631,c***b,0.4,0.285714286,0,0.1432500000,0,0,0.1431875000,1,5,0
872,916,r***h,0.016393443,0.042553191,0,0.5484209656,0.617021277,0.993592814,0.5484160053,0,7,0
873,916,2***1,0.055555556,0.021276596,0,0.9867013889,0.617021277,0.993592814,0.9867013889,0,7,0
876,1001,s***i,0.020618557,0.117647059,0,0.0107060185,0,0,0.0106481481,0.75,1,0
877,1001,a***r,0.014925373,0.058823529,0,0.5889930556,0,0,0.5889930556,0,1,0
888,65,9***y,0.714285714,0.3125,1,0.0143733466,0,0,0.0143634259,1,7,1
889,65,0***e,0.01754386,0.0625,0,0.0202414021,0,0,0.0202414021,0,7,0
893,97,4***1,0.692307692,0.5625,1,0.0290277778,0,0,0.0096990741,1,1,1
903,97,6***l,0.25,0.0625,0,0.4203240741,0,0,0.4203240741,0,1,0
904,348,a***l,0.032786885,0.2,0,0.0604089506,0,0.993592814,0.0604012346,0.833333333,3,0
906,348,y***e,0.020833333,0.1,0,0.2778665123,0,0.993592814,0.2778665123,1,3,0
907,348,o***t,0.030769231,0.2,0,0.8053279321,0,0.993592814,0.8052854938,0.782608696,3,0
911,348,s***r,0.047619048,0.1,0,0.9871913580,0,0.993592814,0.9871913580,0.846153846,3,0
912,733,d***d,0.038461538,0.05,0,0.1753935185,0.1,0,0.1753935185,0,5,0
913,733,i***i,0.008264463,0.05,0,0.1969629630,0.1,0,0.1969629630,0,5,0
914,733,2***2,0.035087719,0.1,0,0.2790740741,0.1,0,0.2790648148,0.866666667,5,0
915,733,c***i,0.022727273,0.05,0,0.3905300926,0.1,0,0.3905300926,0,5,0
919,1418,a***e,0.046511628,0.081632653,0,0.9408950617,0.632653061,0.993592814,0.3839390432,0,3,0
920,1418,r***i,0.066666667,0.020408163,0,0.7527469136,0.632653061,0.993592814,0.7527469136,0,3,0
921,1418,u***h,0.076923077,0.020408163,0,0.8772029321,0.632653061,0.993592814,0.8772029321,0,3,0
933,1175,g***g,0.085714286,0.25,0,0.0020519180,0,0,0.0000181878,1,7,0
934,1175,e***d,0.037037037,0.083333333,0,0.0021263228,0,0,0.0021263228,0,7,0
936,1175,y***e,0.020833333,0.083333333,0,0.0123065476,0,0,0.0123065476,0,7,0
937,1175,s***r,0.047619048,0.083333333,0,0.2611276455,0,0,0.2611276455,0,7,0
939,1175,o***h,0.058823529,0.083333333,0,0.7726008598,0,0,0.7726008598,0,7,0
940,1962,y***s,0.027027027,0.076923077,0,0.9983487654,0,0,0.9983487654,0,3,0
941,1644,e***s,0.115384615,0.073170732,0,0.4470800265,0.56097561,0.993528095,0.3384060847,0,7,0
942,944,_***s,0.230769231,0.088235294,0.5,0.9630555556,0.470588235,0.993592814,0.9594444444,0,7,0
946,1644,5***t,0.125,0.024390244,0,0.9939864418,0.56097561,0.993528095,0.9939864418,0,7,0
947,1644,i***c,0.057142857,0.048780488,0,0.9974900794,0.56097561,0.993528095,0.9974900794,0,7,0
948,1644,i***e,0.038461538,0.024390244,0,0.9987748016,0.56097561,0.993528095,0.9987748016,0,7,0
951,1126,k***b,0,0.142857143,0,0.0000099206,0,0,0.0000099206,0,7,0
952,1943,z***4,1,0.09375,0.5,0.3320254630,0.4375,0.993592814,0.3316319444,0,3,0
953,1943,l***h,0.058823529,0.03125,0,0.7090354938,0.4375,0.993592814,0.7090354938,0,3,0
954,1943,7***4,0.75,0.1875,1,0.6049807099,0.4375,0.993592814,0.6049537037,1,3,1
957,476,d***r,0.428571429,0.206896552,1,0.3379398148,0.379310345,0.993592814,0.3376736111,1,1,1
961,476,i***0,0.023255814,0.034482759,0,0.3737615741,0.379310345,0.993592814,0.3737615741,0,1,0
962,476,a***m,0.012345679,0.034482759,0,0.4236342593,0.379310345,0.993592814,0.4236342593,0,1,0
963,476,8***_,1,0.103448276,0.5,0.5342476852,0.379310345,0.993592814,0.5337500000,1,1,1
972,189,n***s,0.043478261,0.05,0,0.2837847222,0.1,0,0.2837847222,0,3,0
975,944,t***e,0.010638298,0.029411765,0,0.9745849868,0.470588235,0.993592814,0.9745849868,0,7,0
976,944,e***t,0.017241379,0.029411765,0,0.9853786376,0.470588235,0.993592814,0.9853786376,0,7,0
977,944,p***a,0.095238095,0.058823529,0,0.9897288360,0.470588235,0.993592814,0.9897139550,0,7,0
978,944,j***0,0.142857143,0.029411765,0,0.9906613757,0.470588235,0.993592814,0.9906613757,0,7,0
980,1644,.***o,0.5,0.097560976,0,0.9979332011,0.56097561,0.993528095,0.9979050926,0,7,0
986,1126,4***0,0.181818182,0.285714286,0,0.0100363757,0,0,0.0000148810,1,7,0
987,1126,2***e,0.2,0.142857143,0,0.0002000661,0,0,0.0002000661,1,7,0
988,1126,e***e,0.007246377,0.142857143,0,0.0008416005,0,0,0.0008416005,0.865671642,7,0
989,1126,r***a,0.017391304,0.285714286,0,0.4214186508,0,0,0.0069527116,0.926829268,7,0
992,1829,e***2,0.222222222,0.222222222,0,0.0054282407,0,0,0.0020794753,0.333333333,3,0
994,1829,.***s,0,0.111111111,0,0.0385455247,0,0,0.0385455247,1,3,0
995,1829,e***b,0.666666667,0.222222222,0,0.0061265432,0,0,0.0059375000,0.5,3,0
997,1892,4***9,0.235294118,0.266666667,0.5,0.7676234568,0,0,0.7676041667,0.888888889,3,0
998,1513,t***c,0.043478261,0.066666667,0,0.0002932099,0,0,0.0002932099,0,3,0
999,427,o***_,0.5,0.1,0,0.9984452160,0,0.993592814,0.9984452161,1,3,0
1000,577,m***a,0.034482759,0.166666667,0,0.8713541667,0,0.993592814,0.8713541667,0.851851852,1,0
1001,995,u***i,0.25,0.268292683,1,0.9711496914,0.56097561,0.993592814,0.9710378086,0.909090909,3,1
1003,1513,t***h,0.352941176,0.4,0,0.0010185185,0,0,0.0001080247,0.625,3,0
1005,1013,h***m,0.105263158,0.153846154,0,0.6467037037,0,0,0.6467037037,0.727272727,5,0
1006,1013,l***e,0.028571429,0.076923077,0,0.0157222222,0,0,0.0157222222,0,5,0
1007,1013,a***u,0.03125,0.076923077,0,0.1065671296,0,0,0.1065671296,0,5,0
1008,1013,c***a,0.035714286,0.076923077,0,0.1502083333,0,0,0.1502083333,0,5,0
1009,556,0***e,0.01754386,0.018181818,0,0.0001003086,0.672727273,0.99935281,0.0001003086,0,3,0
1010,556,e***d,0.037037037,0.018181818,0,0.0023186728,0.672727273,0.99935281,0.0023186728,0,3,0
1011,556,0***s,0.166666667,0.018181818,0,0.0530632716,0.672727273,0.99935281,0.0530632716,0,3,0
1012,1577,o***t,0.323076923,0.525,0.5,0.9887268519,0.55,0.993592814,0.9883449074,0.782608696,1,1
1016,255,m***y,0.055555556,0.142857143,0,0.0000077160,0,0,0.0000077160,0.5,3,0
1020,255,i***j,0.04,0.142857143,0,0.0000154321,0,0,0.0000154321,0.75,3,0
1022,255,_***0,0.166666667,0.142857143,0,0.0046103395,0,0,0.0046103395,1,3,0
1023,255,s***p,0.0625,0.142857143,0,0.1479089506,0,0,0.1479089506,0.857142857,3,0
1024,255,i***t,0.033333333,0.142857143,0,0.1890509259,0,0,0.1890509259,0.636363636,3,0
1025,255,e***_,0.05,0.142857143,0,0.3036921296,0,0,0.3036921296,0.833333333,3,0
1029,2381,j***o,0.090909091,0.2,0,0.9843634259,0,0.993592814,0.9843634259,1,1,0
1031,1342,s***n,0.011764706,0.041666667,0,0.9840787037,0.25,0.999935281,0.9840787037,0,10,0
1032,1745,d***h,0.083333333,0.1,0,0.0000231481,0,0,0.0000231481,0.75,3,0
1033,1745,g***g,0.028571429,0.1,0,0.9367554012,0,0,0.9367554012,1,3,0
1037,1745,n***l,0.027027027,0.1,0,0.3940625000,0,0,0.3940625000,0.777777778,3,0
1038,459,t***j,0.047619048,0.111111111,0,0.0001388889,0,0,0.0001388889,0.833333333,1,0
1039,459,l***y,0.111111111,0.111111111,0,0.0000694444,0,0,0.0000694444,0.833333333,1,0
1040,459,n***c,0.047619048,0.111111111,0,0.0288425926,0,0,0.0288425926,0.888888889,1,0
1041,459,o***9,0.125,0.111111111,0,0.0002083333,0,0,0.0002083333,0.75,1,0
1042,459,z***z,0.025641026,0.111111111,0,0.0066435185,0,0,0.0066435185,0.5,1,0
1044,459,e***i,0.022727273,0.111111111,0,0.0389467593,0,0,0.0389467593,0.9375,1,0
1045,224,d***d,0.038461538,0.090909091,0,0.0000099206,0,0,0.0000099206,0,7,0
1047,224,n***s,0.043478261,0.090909091,0,0.0016352513,0,0,0.0016352513,0,7,0
1051,1896,a***6,0.106060606,0.212121212,0,0.4438888889,0.454545455,0,0.4438888889,0.714285714,1,0
1053,1896,k***r,0.214285714,0.090909091,0,0.8090972222,0.454545455,0,0.4075462963,0,1,0
1054,1896,3***7,1,0.242424242,0,0.5909722222,0.454545455,0,0.3989930556,1,1,0
1057,1896,n***a,0.142857143,0.272727273,1,0.9160185185,0.454545455,0,0.9150462963,0.80952381,1,1
1062,105,a***a,0.006042296,0.333333333,0,0.0000578704,0,0,0.0000231481,0.848214286,1,0
1066,1896,6***2,0.1,0.03030303,0,0.9714236111,0.454545455,0,0.9714236111,0,1,0
1067,105,l***e,0.028571429,0.166666667,0,0.0001157407,0,0,0.0001157407,0.76,1,0
1068,105,m***r,0.05,0.333333333,0,0.1073495370,0,0,0.1067476852,1,1,0
1078,192,a***c,0.045454545,0.02,0,0.9816782407,0.64,0.993592814,0.9816782407,0,5,0
1079,192,e***c,0.604651163,0.52,1,0.9964259259,0.64,0.993592814,0.9940925926,0.909090909,5,1
1082,1009,3***t,0.2,0.083333333,0,0.2018711420,0,0,0.2018711420,0,3,0
1083,1009,0***a,0.043478261,0.083333333,0,0.3393171296,0,0,0.3393171296,0,3,0
1084,1009,6***2,0.1,0.083333333,0,0.4971219136,0,0,0.4971219136,0,3,0
1085,1009,o***y,0.1,0.166666667,0,0.7455478395,0,0,0.7455362654,1,3,0
1088,1896,t***c,0.043478261,0.03030303,0,0.9806250000,0.454545455,0,0.9806250000,0,1,0
1089,2060,a***a,0.006042296,0.074074074,0,0.1221263228,0.333333333,0,0.1221263228,0,7,0
1094,1439,-***-,0.428571429,0.461538462,1,0.1488425926,0,0.993592814,0.1488001543,0.8,3,1
1096,1439,o***o,0.009803922,0.076923077,0,0.4389236111,0,0.993592814,0.4389236111,0,3,0
1097,1439,r***o,0.069767442,0.230769231,0.5,0.6134297840,0,0.993592814,0.6134104938,0.866666667,3,0
1098,1473,r***m,0.24,0.272727273,1,0.2445794753,0.181818182,0,0.1924614198,1,3,1
1102,2507,a***i,0.011235955,0.142857143,0,0.1516396605,0,0,0.1516396605,0.84375,3,0
1103,2516,t***t,0.060606061,0.0625,0,0.6432357804,0.4375,0.993592814,0.6432357804,0,7,0
1104,2273,s***o,0.153846154,0.086956522,0,0.9854513889,0.608695652,0.993592814,0.9837152778,0,1,0
1105,2516,e***z,0.074074074,0.0625,0,0.1342576058,0.4375,0.993592814,0.1342443783,0,7,0
1106,2507,t***i,0.028571429,0.142857143,0,0.1705092593,0,0,0.1705092593,0.947368421,3,0
1107,2507,_***t,0.2,0.142857143,0,0.4678665123,0,0,0.4678665123,1,3,0
1108,2507,i***e,0.153846154,0.571428571,0.5,0.4977391975,0,0,0.4594251543,0.8,3,0
1110,276,1***o,0.2,0.090909091,0,0.7764037698,0,0,0.7764037698,0,7,0
1112,1314,8***a,0.090909091,0.307692308,0,0.3147453704,0,0,0,0.863636364,1,0
1113,1214,n***e,0.028169014,0.181818182,0,0.5247129630,0,0,0.5247129630,1,5,0
1114,1214,g***s,0.041666667,0.090909091,0,0.9883425926,0,0,0.9883425926,0,5,0
1115,171,s***s,0.010204082,0.076923077,0,0.0000132275,0,0,0.0000132275,0,7,0
1116,171,m***a,0.017241379,0.076923077,0,0.0001984127,0,0,0.0001984127,0,7,0
1118,171,a***o,0.033613445,0.307692308,0,0.1203356481,0,0,0.1203240741,0.757575758,7,0
1119,544,r***u,0.027027027,0.166666667,0,0.0049614198,0,0,0.0049614198,0.666666667,3,0
1120,544,l***i,0.0625,0.833333333,1,0.0001620370,0,0,0.0000424383,0.954545455,3,1
1124,871,b***a,0.016666667,0.032258065,0,0.8797949735,0.419354839,0.993592814,0.8797949735,0,7,0
1125,871,l***e,0.028571429,0.032258065,0,0.8918253968,0.419354839,0.993592814,0.8918253968,0,7,0
1126,871,n***d,0.025,0.032258065,0,0.9111871693,0.419354839,0.993592814,0.9111871693,0,7,0
1127,1012,e***r,0.037735849,0.142857143,0,0.0143632565,0,0,0.0143279080,0.782608696,3,0
1129,1012,a***v,0.057142857,0.142857143,0,0.3366194307,0,0,0.2707770376,0.916666667,3,0
1132,871,n***t,0.010416667,0.032258065,0,0.9994791667,0.419354839,0.993592814,0.9994791667,0,7,0
1133,2116,s***.,0.5,0.027777778,0,0.9849652778,0.5,0.993592814,0.9849652778,0,3,0
1135,2116,n***d,0.025,0.027777778,0,0.9893479938,0.5,0.993592814,0.9893479938,0,3,0
1139,571,k***r,0.142857143,0.133333333,0,0.8588872354,0,0.993592814,0.0256597222,1,7,0
1141,571,a***u,0.03125,0.066666667,0,0.3318882275,0,0.993592814,0.3318882275,0,7,0
1142,571,b***b,0.077922078,0.4,1,0.4493832672,0,0.993592814,0.4492824074,0.774193548,7,1
1148,71,t***s,0.025641026,0.018518519,0,0.6835218254,0.666666667,0.999935281,0.6835218254,0,7,0
1150,42,6***a,0.25,0.066666667,0,0.0170331790,0,0.993592814,0.0170331790,0,3,0
1153,605,i***i,0.016528926,0.222222222,0,0.2826951058,0,0,0.0425843254,0.818181818,7,0
1154,605,o***j,0.111111111,0.111111111,0,0.0438872354,0,0,0.0438872355,0.833333333,7,0
1155,605,s***p,0.0625,0.111111111,0,0.0935003307,0,0,0.0935003307,0.857142857,7,0
1156,605,r***e,0.029850746,0.222222222,0,0.0462764550,0,0,0.0462714947,0.806451613,7,0
1159,210,e***r,0.037735849,0.333333333,0,0.0011292989,0,0,0.0000016534,0.782608696,7,0
1160,210,i***c,0.028571429,0.166666667,0,0.0000016534,0,0,0.0000016534,0.866666667,7,0
1162,210,k***r,0.214285714,0.5,0.5,0.0223578042,0,0,0.0217923280,1,7,1
1165,1207,m***m,0.010638298,0.125,0,0.2174966931,0,0,0.2174966931,0.806451613,7,0
1167,1548,a***1,0.051282051,0.2,0,0.1263078704,0,0,0.0271157407,0.846153846,5,0
1168,1548,l***0,0.25,0.2,0,0.0447337963,0,0,0.0141296296,1,5,0
1170,1548,i***m,0.034482759,0.1,0,0.1268865741,0,0,0.1268865741,0.933333333,5,0
1171,1548,0***l,0.037037037,0.1,0,0.5073796296,0,0,0.5073796296,0.8,5,0
1174,2516,d***s,0.25,0.03125,0,0.3085251323,0.4375,0.993592814,0.3085251323,0,7,0
1175,2516,y***e,0.125,0.1875,1,0.9743237434,0.4375,0.993592814,0.9743039021,1,7,1
1179,953,o***r,0.025641026,0.047619048,0,0.8190244709,0.142857143,0,0.8190244709,0,7,0
1191,664,m***k,0.090909091,0.125,0,0.0877662037,0,0.935345672,0.0877662037,0.777777778,3,0
1192,664,u***h,0.076923077,0.125,0,0.0000231481,0,0.935345672,0.0000231481,1,3,0
1197,787,8***i,0.384615385,0.208333333,0,0.3390354938,0.25,0,0.3390084877,0.833333333,3,0
1198,1591,z***y,0.210526316,0.285714286,1,0.2626785714,0,0.993592814,0.2371544312,1,7,1
1205,1664,-***r,0.066666667,0.04,0,0.0028125000,0.28,0,0.0028125000,0,1,0
1208,1591,h***_,0.032258065,0.071428571,0,0.6112764550,0,0.993592814,0.6112764550,0,7,0
1209,655,i***0,0.11627907,0.106382979,0,0.6791451720,0.617021277,0.993592814,0.4708812831,0.916666667,7,0
1211,998,a***b,0.017241379,0.05,0,0.5045486111,0.1,0,0.5045486111,0,3,0
1212,998,a***k,0.013333333,0.05,0,0.6653279321,0.1,0,0.6653279321,0,3,0
1214,533,c***o,0.090909091,0.041666667,0,0.6282556217,0.25,0.999935281,0.6282556217,0,7,0
1217,1186,a***n,0.01,0.038461538,0,0.0000115741,0.307692308,0.999935281,0.0000115741,0,1,0
1218,1818,_***h,0.428571429,0.1875,0.5,0.2489814815,0,0,0.2454166667,0.666666667,3,0
1219,1186,l***i,0.0125,0.038461538,0,0.0226041667,0.307692308,0.999935281,0.0226041667,0,1,0
1220,1818,g***r,0.146341463,0.375,1,0.8957175926,0,0,0.8653858025,0.944444444,3,1
1223,1186,u***u,0.085714286,0.115384615,0,0.2306018519,0.307692308,0.999935281,0.1406712963,0.736842105,1,0
1224,533,t***b,0.2,0.041666667,0,0.6763839286,0.25,0.999935281,0.6763839286,0,7,0
1225,533,i***0,0.023255814,0.041666667,0,0.8143336640,0.25,0.999935281,0.8143336640,0,7,0
1226,533,2***1,0.5,0.375,1,0.8242410714,0.25,0.999935281,0.8242030423,0.666666667,7,1
1227,533,e***k,0.047619048,0.041666667,0,0.9616154101,0.25,0.999935281,0.9616154101,0,7,0
1228,314,2***i,0.2,0.25,0.5,0.0804464286,0,0,0.0804332011,1,7,1
1231,1852,a***y,0.043478261,0.1,0,0.0000694444,0,0,0.0000694444,0.866666667,1,0
1232,1001,0***-,0.142857143,0.058823529,0,0.1215393519,0,0,0.1215393519,0,1,0
1233,1001,0***r,0.125,0.117647059,0,0.4307060185,0,0,0.4305439815,1,1,0
1235,482,f***o,0,0.023255814,0,0.0000231481,0.581395349,0.993592814,0.0000231481,0,1,0
1237,1001,a***u,0.03125,0.058823529,0,0.4456828704,0,0,0.4456828704,0,1,0
1238,1001,8***u,0.125,0.058823529,0,0.5293750000,0,0,0.5293750000,0,1,0
1241,916,z***i,0.111111111,0.021276596,0,0.7984474206,0.617021277,0.993592814,0.7984474206,0,7,0
1242,916,-***s,0.142857143,0.021276596,0,0.9589417989,0.617021277,0.993592814,0.9589417989,0,7,0
1243,916,g***i,0.714285714,0.106382979,1,0.9779083995,0.617021277,0.993592814,0.9779017857,1,7,1
1261,104,0***z,0.5,0.142857143,0,0.0266203704,0,0,0.0266203704,1,3,0
1262,104,r***r,0.008695652,0.142857143,0,0.0298418210,0,0,0.0298418210,0.87755102,3,0
1263,104,i***j,0.08,0.285714286,0,0.1817322531,0,0,0.0389004630,0.75,3,0
1267,2415,u***k,0.214285714,0.063829787,0,0.9009937169,0.617021277,0.993592814,0.9009937169,0,7,0
1268,2415,9***0,0.3125,0.106382979,0.5,0.9411144180,0.617021277,0.993592814,0.9047503307,1,7,1
1272,2394,a***o,0.016806723,0.166666667,0,0.0360978836,0,0,0.0360796958,0.757575758,7,0
1278,572,t***k,0.090909091,0.032258065,0,0.8954034392,0.419354839,0.993592814,0.8954034392,0,7,0
1279,572,o***a,0.015384615,0.032258065,0,0.9256250000,0.419354839,0.993592814,0.9256250000,0,7,0
1280,572,a***1,0.025641026,0.032258065,0,0.9088111772,0.419354839,0.993592814,0.9088111772,0,7,0
1282,1165,e***t,0.25862069,0.25862069,1,0.9812962963,0.689655172,0.993592814,0.9806365741,0.611111111,1,1
1285,2076,g***n,0.055555556,0.117647059,0,0.0325165344,0,0,0.0325165344,0.818181818,7,0
1286,2076,s***k,0.045454545,0.117647059,0,0.9013095238,0,0,0.1755423280,0.9,7,0
1287,2076,a***y,0.043478261,0.058823529,0,0.2728802910,0,0,0.2728802910,0,7,0
1290,2165,u***a,0.2,0.02,0,0.0005231481,0.64,0.993592814,0.0005231481,0,5,0
1291,2165,a***z,0.058823529,0.02,0,0.0020763889,0.64,0.993592814,0.0020763889,0,5,0
1293,43,r***r,0.008695652,0.01754386,0,0.3058796296,0.684210526,0.993592814,0.3058796296,0,1,0
1294,522,.***a,0.473684211,0.375,0.5,0.9310648148,0.25,0.993592814,0.8839351852,1,3,0
1295,522,y***e,0.020833333,0.041666667,0,0.9414737654,0.25,0.993592814,0.9414737654,0,3,0
1296,522,o***a,0.015384615,0.041666667,0,0.9767399691,0.25,0.993592814,0.9767399691,0,3,0
1305,1829,u***k,0.071428571,0.111111111,0,0.1419290123,0,0,0.1419290123,1,3,0
1306,1829,t***r,0.05,0.111111111,0,0.1543055556,0,0,0.1543055556,0.933333333,3,0
1307,1829,a***m,0.024691358,0.222222222,0,0.7870640432,0,0,0.4357253086,0.885714286,3,0
1315,944,t***d,0.166666667,0.029411765,0,0.5979398148,0.470588235,0.993592814,0.5979398148,0,7,0
1316,944,a***d,0.147058824,0.147058824,0.5,0.9541038360,0.470588235,0.993592814,0.9541038360,0.923076923,7,1
1317,944,v***r,0.076923077,0.029411765,0,0.8736772487,0.470588235,0.993592814,0.8736772487,0,7,0
1320,2529,p***0,0.8,0.666666667,1,0.0041319444,0,0,0.0031944444,0.5,1,1
1322,2529,b***n,0.2,0.166666667,0,0.6149768519,0,0,0.6149768519,1,1,0
1323,2529,9***4,0.166666667,0.166666667,0,0.0091435185,0,0,0.0091435185,0.5,1,0
1327,1476,n***t,0.010416667,0.022222222,0,0.9984193122,0.6,0.961233291,0.9984193122,0,7,0
1332,1026,p***p,0.03125,0.090909091,0,0.0364737654,0,0,0.0364737654,0,3,0
1333,39,9***9,0.066666667,0.115384615,0,0.0502430556,0.307692308,0.993592814,0.0322337963,0.833333333,1,0
1337,39,o***o,0.049019608,0.192307692,0,0.0877777778,0.307692308,0.993592814,0.0284490741,0.888888889,1,0
1338,125,a***4,0.2,0.111111111,0,0.7865410053,0,0.993592814,0.7865410053,1,7,0
1339,125,1***2,0.058823529,0.111111111,0,0.8031250000,0,0.993592814,0.8031250000,0.818181818,7,0
1340,1476,_***f,0.8,0.088888889,0,0.0014384921,0.6,0.961233291,0.0014318783,0,7,0
1341,1476,h***c,0.166666667,0.066666667,0,0.0097602513,0.6,0.961233291,0.0097602513,0,7,0
1352,2110,-***a,0.055555556,0.058823529,0,0.0614737654,0.470588235,0.993592814,0.0607870370,0,3,0
1354,2110,v***d,0.285714286,0.058823529,0,0.9176003086,0.470588235,0.993592814,0.2473148148,0,3,0
1355,1745,m***t,0.045454545,0.1,0,0.9834992284,0,0,0.9834992284,1,3,0
1357,1745,a***k,0.013333333,0.1,0,0.9887461420,0,0,0.9887461420,0.891891892,3,0
1358,2110,s***s,0.173469388,0.5,1,0.3784529321,0.470588235,0.993592814,0.0605979938,0.878787879,3,1
1369,1310,0***e,0.01754386,0.05,0,0.7510433201,0.1,0.993592814,0.7510433201,0,7,0
1370,1310,4***7,1,0.15,0,0.7149818122,0.1,0.993592814,0.7149636243,1,7,0
1373,2110,n***t,0.010416667,0.029411765,0,0.9600925926,0.470588235,0.993592814,0.9600925926,0,3,0
1376,1378,a***a,0.003021148,0.111111111,0,0.0000462963,0,0,0.0000462963,0.848214286,3,0
1380,838,1***l,1,0.117647059,0,0.9737549603,0.470588235,0.999935281,0.9441683201,1,7,0
1382,838,n***t,0.010416667,0.029411765,0,0.9548726852,0.470588235,0.999935281,0.9548726852,0,7,0
1383,1088,1***i,0.04,0.058823529,0,0.5792592593,0,0,0.5792592593,0,1,0
1384,1088,5***r,0.0625,0.058823529,0,0.5967013889,0,0,0.5967013889,0,1,0
1385,1088,6***n,0.5,0.058823529,0,0.8275462963,0,0,0.8275462963,0,1,0
1386,1088,r***3,0.25,0.058823529,0,0.9515509259,0,0,0.9515509259,0,1,0
1387,52,s***3,0.111111111,0.083333333,0,0.2331349206,0,0.676469483,0.2331349206,0,7,0
1388,52,9***9,0.044444444,0.166666667,0,0.2352910053,0,0.676469483,0.2352876984,0.833333333,7,0
1389,52,s***w,0.304347826,0.583333333,0.5,0.2450380291,0,0.676469483,0.0420965608,0.833333333,7,1
1393,1681,a***o,0.008403361,0.076923077,0,0.3139583333,0,0.993592814,0.3139583333,0,1,0
1397,1681,-***u,0.555555556,0.384615385,0.5,0.6235416667,0,0.993592814,0.6234606481,1,1,1
1399,995,a***n,0.01,0.024390244,0,0.0007330247,0.56097561,0.993592814,0.0007330247,0,3,0
1400,995,o***o,0.009803922,0.024390244,0,0.0009297840,0.56097561,0.993592814,0.0009297840,0,3,0
1401,995,9***0,0.0625,0.024390244,0,0.1404668210,0.56097561,0.993592814,0.1404668210,0,3,0
1402,995,a***d,0.029411765,0.024390244,0,0.0310378086,0.56097561,0.993592814,0.0310378086,0,3,0
1405,995,t***l,0.086956522,0.048780488,0,0.3175231481,0.56097561,0.993592814,0.0000385802,0,3,0
1407,995,-***a,0.166666667,0.146341463,0,0.7781172840,0.56097561,0.993592814,0.7778549383,0.818181818,3,0
1415,981,a***i,0.011235955,0.076923077,0,0.9095138889,0,0,0.9095138889,0,3,0
1417,838,-***h,0.666666667,0.058823529,0,0.9583515212,0.470588235,0.999935281,0.9583382937,0,7,0
1418,838,5***i,0.066666667,0.029411765,0,0.9862632275,0.470588235,0.999935281,0.9862632275,0,7,0
1420,352,s***e,0.134615385,0.411764706,0.5,0.9689544753,0,0.993592814,0.9679976852,0.76,3,0
1423,1013,t***a,0.111111111,0.153846154,0,0.1438518519,0,0,0.1438518519,0.916666667,5,0
1424,1013,a***r,0.014925373,0.076923077,0,0.1598657407,0,0,0.1598657407,0,5,0
1425,1088,0***h,0.103448276,0.176470588,0,0.9807060185,0,0,0.9487152778,1,1,0
1426,1088,a***o,0.025210084,0.176470588,0,0.9589236111,0,0,0.9588425926,0.757575758,1,0
1429,1939,l***m,0.153846154,0.25,0,0.0164120370,0,0,0.0079745370,0.857142857,1,0
1436,1975,-***r,0.133333333,0.2,0,0.3938503086,0,0,0.3938503086,0.5,3,0
1440,571,a***9,0.208333333,0.333333333,1,0.6108895503,0,0.993592814,0.6107638889,1,7,1
1442,571,2***a,0.045454545,0.066666667,0,0.8855770503,0,0.993592814,0.8855770503,0,7,0
1444,2516,a***e,0.127906977,0.34375,1,0.0364682540,0.4375,0.993592814,0.0005985450,0.857142857,7,1
1445,2516,t***v,0.666666667,0.0625,0,0.0005423280,0.4375,0.993592814,0.0004613095,0,7,0
1449,1614,1***1,0.018518519,0.037037037,0,0.0167179233,0.333333333,0.935280953,0.0167179233,0,7,0
1466,605,z***e,0.066666667,0.111111111,0,0.2601488095,0,0,0.2601488095,1,7,0
1467,605,n***d,0.025,0.111111111,0,0.6668386243,0,0,0.6668386243,1,7,0
1468,605,x***r,0.1,0.111111111,0,0.7763723545,0,0,0.7763723545,1,7,0
1470,2343,i***r,0.017241379,0.125,0,0.0806828704,0,0,0.0806828704,1,1,0
1475,1214,t***r,0.1,0.181818182,0,0.0004027778,0,0,0.0003726852,0.933333333,5,0
1478,1368,1***e,0.125,0.083333333,0,0.2928587963,0,0,0.2928587963,0,1,0
1479,1368,e***i,0.022727273,0.083333333,0,0.3279166667,0,0,0.3279166667,0,1,0
1480,766,d***.,0.333333333,0.050847458,0,0.0154596561,0.694915254,0.993592814,0.0001554233,0,7,0
1481,766,b***e,0.16,0.06779661,0,0.4250793651,0.694915254,0.993592814,0.4250661376,0,7,0
1482,766,a***b,0.017241379,0.016949153,0,0.0429365079,0.694915254,0.993592814,0.0429365079,0,7,0
1483,766,i***0,0.023255814,0.016949153,0,0.1311243386,0.694915254,0.993592814,0.1311243386,0,7,0
1485,766,o***t,0.015384615,0.016949153,0,0.2953224206,0.694915254,0.993592814,0.2953224206,0,7,0
1490,1368,k***m,0,0.083333333,0,0.6146412037,0,0,0.6146412037,0,1,0
1491,1619,4***d,0.034482759,0.125,0,0.8091865079,0,0,0.8091865079,1,7,0
1492,1619,2***m,0.5,0.125,0,0.9665327381,0,0,0.9665327381,1,7,0
1493,766,c***0,0.2,0.016949153,0,0.3377496693,0.694915254,0.993592814,0.3377496693,0,7,0
1500,100,a***l,0.049180328,0.142857143,0,0.9965046296,0.142857143,0.993592814,0.9964907407,0.833333333,5,0
1503,766,7***-,0.4,0.06779661,1,0.8874173280,0.694915254,0.993592814,0.8874090608,0,7,0
1505,2021,e***e,0.007246377,0.083333333,0,0.0000347222,0,0,0.0000347222,0,1,0
1506,2021,o***i,0.041666667,0.083333333,0,0.0184953704,0,0,0.0184953704,0,1,0
1507,2021,p***3,0.272727273,0.25,0,0.1120023148,0,0,0.1119444444,1,1,0
1509,2387,r***s,0.035714286,0.020833333,0,0.8613310185,0.625,0.993592814,0.8613310185,0,7,0
1510,2387,a***h,0.055555556,0.0625,0,0.8102645503,0.625,0.993592814,0.8102645503,0,7,0
1515,1232,n***w,0.129032258,0.5,0.5,0.1567342224,0,0,0.1567049231,0.666666667,3,0
1517,664,m***m,0.010638298,0.125,0,0.1038464506,0,0.935345672,0.1038464506,0.806451613,3,0
1520,664,l***l,0.020408163,0.375,0,0.1345601852,0,0.935345672,0.1021412037,0.8125,3,0
1522,1232,t***p,0.142857143,0.125,0,0.2429284178,0,0,0.2429284178,1,3,0
1523,521,p***i,0.233333333,0.5,1,0.7808366402,0,0.993592814,0.7807903439,0.769230769,7,1
1526,521,i***s,0.038461538,0.071428571,0,0.9080770503,0,0.993592814,0.9080770503,0,7,0
1527,521,s***i,0.010309278,0.071428571,0,0.9820783730,0,0.993592814,0.9820783730,0,7,0
1532,2434,r***c,0.027027027,0.066666667,0,0.0000248016,0,0,0.0000248016,0,7,0
1533,1530,l***l,0.006802721,0.052631579,0,0.1371219136,0.052631579,0,0.1371219136,0,3,0
1535,1530,1***n,0.047619048,0.052631579,0,0.4026813272,0.052631579,0,0.4026813272,0,3,0
1536,1530,e***s,0.076923077,0.105263158,0,0.2745987654,0.052631579,0,0.2745833333,0.933333333,3,0
1538,1530,k***7,0,0.052631579,0,0.5823456790,0.052631579,0,0.5823456790,0,3,0
1539,1530,u***d,0.222222222,0.105263158,0,0.8730979938,0.052631579,0,0.8729436728,1,3,0
1540,1232,6***2,0.1,0.125,0,0.3816310472,0,0,0.3816310472,1,3,0
1541,1530,1***a,0.3125,0.526315789,1,0.6222299383,0.052631579,0,0.6205825617,0.833333333,3,1
1544,2266,o***q,0.545454545,0.15,0,0.9695254630,0.55,0.993592814,0.9163888889,1,1,0
1545,655,n***t,0.010416667,0.021276596,0,0.9952248677,0.617021277,0.993592814,0.9952248677,0,7,0
1552,2434,o***p,0.1875,0.2,0.5,0.0002347884,0,0,0.0000082672,1,7,1
1555,1664,a***m,0.135802469,0.44,0.5,0.9358333333,0.28,0,0.9356018519,0.885714286,1,1
1559,2434,a***b,0.017241379,0.066666667,0,0.2769031085,0,0,0.2769031085,0,7,0
1560,2434,i***i,0.016528926,0.133333333,0,0.4298561508,0,0,0.4298561508,0.818181818,7,0
1561,664,i***c,0.028571429,0.125,0,0.5510455247,0,0.935345672,0.5510455247,0.866666667,3,0
1562,664,o***.,0,0.125,0,0.3162422840,0,0.935345672,0.3162422840,1,3,0
1573,2257,i***i,0.008264463,0.1,0,0.9914861111,0,0,0.9914861111,0.818181818,5,0
1574,521,n***t,0.010416667,0.071428571,0,0.9984341931,0,0.993592814,0.9984341931,0,7,0
1578,1232,r***g,0.034482759,0.125,0,0.9787706036,0,0,0.9787706036,0.823529412,3,0
1579,953,n***s,0.043478261,0.047619048,0,0.0037152778,0.142857143,0,0.0037152778,0,7,0
1584,650,b***d,0.833333333,0.625,1,0.0181828704,0,0,0.0178703704,1,1,1
1587,650,b***s,0.066666667,0.125,0,0.4223726852,0,0,0.4223726852,0.8,1,0
1596,916,n***8,0.055555556,0.021276596,0,0.0000115741,0.617021277,0.993592814,0.0000115741,0,7,0
1597,2408,a***i,0.056179775,0.065789474,1,0.9081167328,0.763157895,0.993592814,0.9080902778,0,7,0
1598,1165,y***b,0.034482759,0.017241379,0,0.0004050926,0.689655172,0.993592814,0.0004050926,0,1,0
1599,1165,i***c,0.085714286,0.051724138,0,0.0001388889,0.689655172,0.993592814,0.0000578704,0,1,0
1600,368,e***f,0.1,0.025,0,0.0000138889,0.55,0.993592814,0.0000138889,0,5,0
1601,368,e***e,0.057971014,0.2,1,0.9305555556,0.55,0.993592814,0.9305231481,0.865671642,5,1
1603,1165,p***b,0.125,0.017241379,0,0.0487847222,0.689655172,0.993592814,0.0487847222,0,1,0
1607,1165,n***a,0.031746032,0.034482759,0,0.1498842593,0.689655172,0.993592814,0.1497916667,0,1,0
1608,368,i***f,0.083333333,0.025,0,0.0004513889,0.55,0.993592814,0.0004513889,0,5,0
1609,43,r***z,0.95,0.333333333,1,0.8541666667,0.684210526,0.993592814,0.8507638889,1,1,1
1612,368,l***i,0.0125,0.025,0,0.5334259259,0.55,0.993592814,0.5334259259,0,5,0
1614,443,a***d,0.088235294,0.25,0.5,0.0046412037,0,0.993592814,0.0045949074,0.923076923,3,0
1615,1165,e***v,0.333333333,0.051724138,0,0.0734259259,0.689655172,0.993592814,0.0733680556,0,1,0
1617,1165,h***i,0.125,0.051724138,0,0.2788194444,0.689655172,0.993592814,0.2786689815,0,1,0
1619,1847,e***i,0.022727273,0.03030303,0,0.0290707672,0.454545455,0,0.0290707672,0,7,0
1624,443,s***9,0.125,0.083333333,0,0.0833603395,0,0.993592814,0.0833603395,0,3,0
1626,443,v***i,0.2,0.083333333,0,0.7060069444,0,0.993592814,0.7060069444,0,3,0
1627,2408,s***k,0.045454545,0.026315789,0,0.9637764550,0.763157895,0.993592814,0.9636739418,0,7,0
1629,547,y***a,0.055555556,0.166666667,0,0.0000099206,0,0,0.0000099206,0.642857143,7,0
1630,443,i***u,0.24,0.5,1,0.7908834877,0,0.993592814,0.7908410494,1,3,1
1632,1847,9***g,0,0.03030303,0,0.0246478175,0.454545455,0,0.0246478175,0,7,0
1635,1847,a***r,0.194029851,0.393939394,1,0.2440095899,0.454545455,0,0.0020916005,0.88,7,1
1637,2165,z***r,0,0.02,0,0.0024976852,0.64,0.993592814,0.0024976852,0,5,0
1638,2165,5***9,0.5,0.02,0,0.0039236111,0.64,0.993592814,0.0039236111,0,5,0
1639,2165,b***a,0.016666667,0.02,0,0.1653912037,0.64,0.993592814,0.1653912037,0,5,0
1643,2165,3***d,0.25,0.02,0,0.3489606481,0.64,0.993592814,0.3489606481,0,5,0
1644,2165,b***b,0.025974026,0.04,0,0.9688310185,0.64,0.993592814,0.4140949074,0,5,0
1652,2447,s***a,0.010869565,0.045454545,0,0.3636574074,0.181818182,0.993592814,0.3636574074,0,3,0
1655,2397,a***a,0.003021148,0.083333333,0,0.0085555556,0,0,0.0085555556,0,5,0
1656,39,l***e,0.028571429,0.038461538,0,0.2112962963,0.307692308,0.993592814,0.2112962963,0,1,0
1657,39,m***-,0.055555556,0.038461538,0,0.3756134259,0.307692308,0.993592814,0.3756134259,0,1,0
1658,39,4***4,0.125,0.038461538,0,0.4267361111,0.307692308,0.993592814,0.4267361111,0,1,0
1659,2397,-***s,0.285714286,0.166666667,0,0.2868773148,0,0,0.2868541667,1,5,0
1660,39,.***r,0.25,0.038461538,0,0.6428819444,0.307692308,0.993592814,0.6428819444,0,1,0
1661,2397,n***c,0.047619048,0.083333333,0,0.5805046296,0,0,0.5805046296,0,5,0
1663,1476,j***a,0.092592593,0.111111111,0,0.5921610450,0.6,0.961233291,0.1244990079,1,7,0
1671,458,t***c,0.217391304,1,1,0.0707986111,0,0,0.0693287037,0.8,1,1
1673,290,2***o,0.24137931,0.7,0.5,0.5921720679,0,0,0.5812500000,0.777777778,3,0
1685,1628,u***1,0.666666667,0.052631579,0,0.9514732143,0.526315789,0.993592814,0.9288409392,0,7,0
1686,741,1***1,0.018518519,0.052631579,0,0.0085648148,0.052631579,0.993592814,0.0085648148,0,1,0
1687,1628,i***i,0.033057851,0.105263158,0.5,0.9289947090,0.526315789,0.993592814,0.9278339947,0.818181818,7,1
1688,741,s***h,0.1,0.052631579,0,0.0569212963,0.052631579,0.993592814,0.0569212963,0,1,0
1690,741,3***3,0.571428571,0.421052632,0.5,0.0493981481,0.052631579,0.993592814,0.0003009259,1,1,1
1692,741,n***s,0.043478261,0.052631579,0,0.9571643519,0.052631579,0.993592814,0.9571643519,0,1,0
1693,741,.***r,0.25,0.052631579,0,0.1584375000,0.052631579,0.993592814,0.1584375000,0,1,0
1694,741,o***o,0.009803922,0.052631579,0,0.3154282407,0.052631579,0.993592814,0.3154282407,0,1,0
1695,1592,0***y,0.054054054,0.285714286,0,0.0168827160,0,0,0.0167129630,0.75,3,0
1696,1592,n***e,0.014084507,0.142857143,0,0.0320949074,0,0,0.0320949074,1,3,0
1698,1610,1***d,0.2,0.076923077,0,0.1388811728,0,0,0.1388811728,0,3,0
1700,1610,y***e,0.020833333,0.076923077,0,0.2956635802,0,0,0.2956635802,0,3,0
1701,1610,s***a,0.043478261,0.307692308,0,0.1389776235,0,0,0.1387615741,0.903225806,3,0
1703,1610,r***l,0.04,0.076923077,0,0.3417746914,0,0,0.3417746914,0,3,0
1704,1610,n***s,0.043478261,0.076923077,0,0.7937692901,0,0,0.7937692901,0,3,0
1708,1060,b***6,0.2,0.142857143,0,0.0591501323,0,0,0.0591501323,0.666666667,7,0
1709,1060,n***0,0.105263158,0.285714286,0,0.1302678571,0,0,0.1302678571,0.75,7,0
1710,1060,u***r,0.014084507,0.142857143,0,0.4507655423,0,0,0.4507655423,0.933333333,7,0
1711,459,c***i,0.045454545,0.222222222,0,0.3223263889,0,0,0.3222800926,0.923076923,1,0
1712,459,o***e,0.022727273,0.111111111,0,0.4610185185,0,0,0.4610185185,0.916666667,1,0
1715,1310,7***r,0.111111111,0.05,0,0.0146114418,0.1,0.993592814,0.0146114418,0,7,0
1717,742,k***y,0.25,0.057142857,0,0.9323528439,0.485714286,0.993592814,0.9267195767,0,7,0
1721,1310,r***f,0.054054054,0.1,0,0.0009540344,0.1,0.993592814,0.0009474206,0.933333333,7,0
1723,742,1***w,0.5,0.028571429,0,0.9337070106,0.485714286,0.993592814,0.9337070106,0,7,0
1724,1310,a***z,0.176470588,0.15,0,0.6577662037,0.1,0.993592814,0.0193683862,1,7,0
1725,155,s***i,0.164948454,0.761904762,1,0.6920949074,0.142857143,0,0.6918750000,0.75,3,1
1729,1759,y***r,0.2,0.071428571,0,0.0118171296,0,0,0.0118171296,0,1,0
1730,1592,2***t,0.25,0.285714286,0,0.9852121914,0,0,0.9793672840,1,3,0
1735,741,s***n,0.023529412,0.105263158,0,0.0003587963,0.052631579,0.993592814,0.0000925926,0.935483871,1,0
1738,1378,a***y,0.086956522,0.222222222,0,0.4387229938,0,0,0.0000270062,0.866666667,3,0
1739,1378,a***k,0.08,0.666666667,1,0.2197839506,0,0,0.2196990741,0.891891892,3,1
1741,1745,8***8,0.357142857,0.5,1,0.3504822531,0,0,0.3504552469,0.857142857,3,1
1746,2060,r***t,0.105263158,0.074074074,0,0.1049751984,0.333333333,0,0.0450396825,0,7,0
1748,1974,f***2,1,0.2,0,0.0005787037,0,0,0.0003796296,1,5,0
1754,1974,m***-,0.333333333,0.4,0.5,0.1580509259,0,0,0.0852523148,0.875,5,0
1755,1974,r***n,0.176470588,0.2,0,0.1838495370,0,0,0.1567546296,0.7,5,0
1757,1974,q***r,0.5,0.066666667,0,0.3406365741,0,0,0.3406365741,0,5,0
1762,134,r***m,0.04,0.041666667,0,0.3659110450,0.25,0,0.3659110450,0,7,0
1764,327,h***m,0.105263158,0.2,0,0.8654629630,0,0,0.8653819444,0.727272727,1,0
1766,1614,l***l,0.013605442,0.074074074,0,0.3168634259,0.333333333,0.935280953,0.2632605820,0,7,0
1770,1614,u***i,0.340909091,0.555555556,0.5,0.4691021825,0.333333333,0.935280953,0.0058994709,0.909090909,7,1
1773,1614,m***m,0.021276596,0.074074074,0,0.5789732143,0.333333333,0.935280953,0.5789632937,0,7,0
1774,1975,r***f,0.189189189,0.7,1,0.0050462963,0,0,0.0000694444,0.933333333,3,1
1775,1975,a***m,0.012345679,0.1,0,0.0100925926,0,0,0.0100925926,0.885714286,3,0
1776,71,s***k,0.227272727,0.185185185,0.5,0.0523065476,0.666666667,0.999935281,0.0042476852,0.9,7,1
1778,71,i***i,0.024793388,0.055555556,0,0.0630092593,0.666666667,0.999935281,0.0629828042,0,7,0
1783,71,v***k,0.125,0.018518519,0,0.4344973545,0.666666667,0.999935281,0.4344973545,0,7,0
1784,71,n***d,0.025,0.018518519,0,0.1227265212,0.666666667,0.999935281,0.1227265212,0,7,0
1785,2282,8***5,0.2,0.095238095,0,0.0967476852,0.142857143,0.993592814,0.0101620370,0,1,0
1788,2282,a***y,0.173913043,0.19047619,0,0.5497337963,0.142857143,0.993592814,0.0196759259,0.866666667,1,0
1789,2048,y***a,0.055555556,0.166666667,0,0.0008402778,0,0,0.0008402778,0.642857143,5,0
1790,2048,o***o,0.009803922,0.166666667,0,0.9439907407,0,0,0.9439907407,0.888888889,5,0
1791,2048,b***e,0.16,0.666666667,0,0.1739976852,0,0,0.1739236111,0.555555556,5,0
1793,1939,0***r,0.125,0.25,0,0.4098263889,0,0,0.4098263889,1,1,0
1794,1939,9***i,0.083333333,0.125,0,0.7738657407,0,0,0.7738657407,1,1,0
1798,2116,a***a,0.003021148,0.027777778,0,0.0296450617,0.5,0.993592814,0.0296450617,0,3,0
1801,2116,r***-,0.1,0.027777778,0,0.5282060185,0.5,0.993592814,0.5282060185,0,3,0
1809,42,e***f,0.6,0.4,1,0.5907638889,0,0.993592814,0.5906327161,0.75,3,1
1812,2516,a***p,0.25,0.03125,0,0.9091782407,0.4375,0.993592814,0.9091782407,0,7,0
1814,1207,6***a,0.75,0.375,0,0.0403935185,0,0,0.0403869048,1,7,0
1815,1207,a***a,0.009063444,0.375,0,0.1139169974,0,0,0.0396445106,0.848214286,7,0
1816,2282,m***-,0.222222222,0.19047619,0.5,0.9433217593,0.142857143,0.993592814,0.9429050926,0.875,1,1
1817,71,w***t,0.333333333,0.018518519,0,0.1406531085,0.666666667,0.999935281,0.1406531085,0,7,0
1818,71,t***t,0.121212121,0.074074074,0.5,0.8907275132,0.666666667,0.999935281,0.8907275132,0,7,0
1821,71,h***t,0.055555556,0.018518519,0,0.3970089286,0.666666667,0.999935281,0.3970089286,0,7,0
1823,71,r***h,0.008196721,0.018518519,0,0.5548925265,0.666666667,0.999935281,0.5548925265,0,7,0
1824,1248,e***0,0.058823529,0.035714286,0,0.9989980159,0.678571429,0.993592814,0.9980919312,0,7,0
1827,42,t***n,0.009259259,0.066666667,0,0.0004513889,0,0.993592814,0.0004513889,0,3,0
1828,42,g***g,0.028571429,0.066666667,0,0.0000154321,0,0.993592814,0.0000154321,0,3,0
1829,42,0***0,0.022222222,0.066666667,0,0.0029475309,0,0.993592814,0.0029475309,0,3,0
1831,1707,l***l,0.006802721,0.052631579,0,0.7240062831,0.052631579,0,0.7240062831,0,7,0
1832,1707,r***b,0.263157895,0.263157895,0.5,0.7963210979,0.052631579,0,0.7205605159,0.833333333,7,1
1833,1482,g***g,0.028571429,0.111111111,0,0.1005390212,0,0.676469483,0.1005390212,1,7,0
1834,1482,o***w,0.6,0.333333333,0,0.1460449735,0,0.676469483,0.1460317460,1,7,0
1835,1482,s***k,0.022727273,0.111111111,0,0.1490294312,0,0.676469483,0.1490294312,0.9,7,0
1838,42,o***s,0.04,0.066666667,0,0.0023263889,0,0.993592814,0.0023263889,0,3,0
1839,71,o***i,0.041666667,0.018518519,0,0.6263144841,0.666666667,0.999935281,0.6263144841,0,7,0
1843,1904,m***r,0.075,0.3,0.5,0.8075925926,0,0,0.8075925926,1,1,1
1851,1730,n***i,0.015384615,0.029411765,0,0.8463492063,0.470588235,0.993592814,0.8463492064,0,7,0
1852,1730,g***p,0.066666667,0.029411765,0,0.9747337963,0.470588235,0.993592814,0.9747337963,0,7,0
1855,787,i***f,0.083333333,0.041666667,0,0.0140393519,0.25,0,0.0140393519,0,3,0
1859,1591,n***n,0.012987013,0.071428571,0,0.8194427910,0,0.993592814,0.8194427910,0,7,0
1868,1591,0***2,0.0625,0.142857143,0,0.9651322751,0,0.993592814,0.9651273148,0.909090909,7,0
1874,953,i***n,0.2,0.380952381,0,0.7261689815,0.142857143,0,0.7261226852,0.866666667,7,0
1876,428,l***l,0.006802721,0.076923077,0,0.0000092593,0,0,0.0000092593,0,5,0
1880,1730,n***l,0.054054054,0.058823529,0,0.9983118386,0.470588235,0.993592814,0.9983118386,0,7,0
1881,2527,n***e,0.098591549,0.233333333,1,0.8957129630,0.4,0.993592814,0.1304652778,1,5,1
1882,2527,d***y,1,0.166666667,0.5,0.5537615741,0.4,0.993592814,0.5503958333,1,5,1
1888,787,o***r,0.076923077,0.125,0,0.1302739198,0.25,0,0.1302430556,0.75,3,0
1891,719,o***v,0,0.125,0,0.0042592593,0,0,0.0042592593,1,1,0
1892,719,y***s,0.081081081,0.375,0,0.0710416667,0,0,0.0709259259,0.857142857,1,0
1893,719,l***o,0.09375,0.375,0,0.2763310185,0,0,0.2761226852,0.923076923,1,0
1895,719,d***p,0.25,0.125,0,0.3815277778,0,0,0.3815277778,1,1,0
1897,360,a***a,0.003021148,0.090909091,0,0.0000192901,0,0,0.0000192901,0,3,0
1898,787,l***k,0.125,0.083333333,0,0.3778973765,0.25,0,0.3778086420,0,3,0
1900,787,s***l,0.028571429,0.041666667,0,0.9131134259,0.25,0,0.9131134259,0,3,0
1901,787,a***k,0.026666667,0.083333333,0,0.9756250000,0.25,0,0.0001273148,0,3,0
1902,2536,1***t,0.181818182,0.181818182,0,0.0046967593,0,0,0.0046574074,0.6,5,0
1903,2536,c***r,0.052631579,0.090909091,0,0.0004282407,0,0,0.0004282407,0,5,0
1905,2536,a***c,0.045454545,0.090909091,0,0.0099976852,0,0,0.0099976852,0,5,0
1906,2536,c***u,0.142857143,0.272727273,0,0.4945694444,0,0,0.0257337963,1,5,0
1907,2536,d***u,0.052631579,0.090909091,0,0.0110648148,0,0,0.0110648148,0,5,0
1908,87,s***a,0.010869565,0.083333333,0,0.0239097222,0,0,0.0239097222,0,5,0
1914,87,2***6,1,0.25,0,0.0821296296,0,0,0.0821157407,1,5,0
1915,87,a***n,0.08,0.666666667,1,0.2843263889,0,0,0.0130277778,0.666666667,5,1
1923,655,r***r,0.07826087,0.191489362,1,0.6398065476,0.617021277,0.993592814,0.6397949735,0.87755102,7,1
1924,2534,1***e,0.125,0.090909091,0,0.0118634259,0,0,0.0118634259,0,5,0
1928,453,v***8,0.666666667,0.4,0,0.7039328704,0.1,0,0.7039328704,1,5,0
1931,1369,m***7,0.2,0.055555556,0,0.9355687831,0,0,0.9355687831,0,7,0
1933,1165,a***s,0.246753247,0.327586207,1,0.7590393519,0.689655172,0.993592814,0.7476620370,0.923076923,1,1
1934,2165,o***d,0.3,0.12,0,0.9732060185,0.64,0.993592814,0.9731527778,0.875,5,0
1935,461,t***r,0.05,0.045454545,0,0.0136359127,0.181818182,0.993592814,0.0136359127,0,7,0
1936,43,n***i,0.015384615,0.01754386,0,0.3118750000,0.684210526,0.993592814,0.3118750000,0,1,0
1937,2165,a***c,0.045454545,0.02,0,0.9714907407,0.64,0.993592814,0.9714907407,0,5,0
1938,2165,l***b,0.333333333,0.02,0,0.9746018519,0.64,0.993592814,0.9746018519,0,5,0
1939,43,5***p,0.25,0.01754386,0,0.5494328704,0.684210526,0.993592814,0.5494328704,0,1,0
1940,43,a***z,0.058823529,0.01754386,0,0.5232175926,0.684210526,0.993592814,0.5232175926,0,1,0
1941,43,_***n,0.066666667,0.01754386,0,0.5324305556,0.684210526,0.993592814,0.5324305556,0,1,0
1942,43,_***p,1,0.070175439,1,0.7095486111,0.684210526,0.993592814,0.5464814815,0,1,1
1944,2408,i***i,0.041322314,0.065789474,0,0.0003257275,0.763157895,0.993592814,0.0001207011,0,7,0
1946,2408,1***s,0.043478261,0.013157895,0,0.2965029762,0.763157895,0.993592814,0.2965029762,0,7,0
1947,2408,1***1,0.074074074,0.052631579,0.5,0.1302132937,0.763157895,0.993592814,0.1297751323,0,7,0
1950,2408,b***n,0.2,0.013157895,0,0.6188888889,0.763157895,0.993592814,0.6188888889,0,7,0
1953,1847,o***o,0.019607843,0.060606061,0,0.4979662698,0.454545455,0,0.4979546958,0,7,0
1954,1847,a***i,0.011235955,0.03030303,0,0.7399421296,0.454545455,0,0.7399421296,0,7,0
1955,1847,a***n,0.02,0.060606061,0,0.5141832011,0.454545455,0,0.5141782407,0,7,0
1956,1847,h***k,0.125,0.03030303,0,0.9194080688,0.454545455,0,0.9194080688,0,7,0
1957,2394,4***1,0.076923077,0.083333333,0,0.0508630952,0,0,0.0508630952,0,7,0
1958,2394,n***a,0.031746032,0.166666667,0,0.0488045635,0,0,0.0488045635,0.80952381,7,0
1959,2394,f***e,0.071428571,0.083333333,0,0.0991832011,0,0,0.0991832011,0,7,0
1962,572,e***o,0.028571429,0.032258065,0,0.0000132275,0.419354839,0.993592814,0.0000132275,0,7,0
1963,1847,n***6,0.625,0.151515152,1,0.8660714286,0.454545455,0,0.8465856481,1,7,1
1965,354,b***7,0.571428571,0.363636364,1,0.0194146825,0,0,0.0194080688,0.75,7,1
1967,1165,i***a,0.016393443,0.034482759,0,0.1702662037,0.689655172,0.993592814,0.1702314815,0,1,0
1968,1165,n***d,0.025,0.017241379,0,0.2571180556,0.689655172,0.993592814,0.2571180556,0,1,0
1969,2394,a***a,0.003021148,0.083333333,0,0.7538343254,0,0,0.7538343254,0,7,0
1971,1165,r***0,0.052631579,0.017241379,0,0.2852314815,0.689655172,0.993592814,0.2852314815,0,1,0
1974,1897,1***t,0.181818182,0.08,0,0.9587731481,0.28,0.993592814,0.9587648810,0,7,0
1977,2165,l***l,0.006802721,0.02,0,0.8901527778,0.64,0.993592814,0.8901527778,0,5,0
1982,2165,m***m,0.021276596,0.04,0,0.8540324074,0.64,0.993592814,0.8540324074,0,5,0
1987,2415,l***r,0.043478261,0.021276596,0,0.9307787698,0.617021277,0.993592814,0.9307787698,0,7,0
1988,2251,a***a,0.003021148,0.166666667,0,0.1414682540,0,0,0.1414682540,0.848214286,7,0
1989,2251,c***i,0.090909091,0.666666667,0,0.7952579365,0,0,0.7397635582,0.923076923,7,0
1990,2251,e***e,0.007246377,0.166666667,0,0.7803406085,0,0,0.7803406085,0.865671642,7,0
1997,1447,e***n,0.090909091,0.2,0,0.0900347222,0,0,0.0142199074,0.818181818,5,0
